"Time (s)","Acceleration x (m/s^2)","Acceleration y (m/s^2)","Acceleration z (m/s^2)"
6.250607900E-2,2.633621991E-1,5.638344884E-1,9.895236015E0
7.957579100E-2,2.621650994E-1,5.710170865E-1,9.888052940E0
9.311564700E-2,2.561795712E-1,5.674257874E-1,9.873687744E0
1.049010170E-1,2.585737705E-1,5.674257874E-1,9.883264542E0
1.157864910E-1,2.633621991E-1,5.650315881E-1,9.891644478E0
1.262341890E-1,2.669534981E-1,5.602431893E-1,9.886856079E0
1.364569420E-1,2.705447972E-1,5.590460896E-1,9.882067680E0
1.465685110E-1,2.705447972E-1,5.602431893E-1,9.877279282E0
1.566238340E-1,2.717418969E-1,5.554547906E-1,9.874884605E0
1.666550910E-1,2.813186944E-1,5.590460896E-1,9.898826599E0
1.766708160E-1,2.741360962E-1,5.602431893E-1,9.898826599E0
1.866751020E-1,2.741360962E-1,5.578489900E-1,9.866505623E0
1.966786490E-1,2.729389966E-1,5.686228871E-1,9.874884605E0
2.066814220E-1,2.561795712E-1,5.614402890E-1,9.872490883E0
2.166838280E-1,2.705447972E-1,5.614402890E-1,9.878476143E0
2.266845500E-1,2.681505978E-1,5.650315881E-1,9.886856079E0
2.366855070E-1,2.609679997E-1,5.626373887E-1,9.897629738E0
2.466841970E-1,2.597708702E-1,5.578489900E-1,9.865307808E0
2.566846960E-1,2.729389966E-1,5.674257874E-1,9.877279282E0
2.666829260E-1,2.609679997E-1,5.638344884E-1,9.897629738E0
2.766830410E-1,2.717418969E-1,5.626373887E-1,9.890447617E0
2.866827720E-1,2.657563984E-1,5.542576909E-1,9.880870819E0
2.966827910E-1,2.801215947E-1,5.674257874E-1,9.889249802E0
3.066848580E-1,2.693476975E-1,5.626373887E-1,9.889249802E0
3.166814110E-1,2.777273953E-1,5.614402890E-1,9.884461403E0
3.266788800E-1,2.669534981E-1,5.662286878E-1,9.904812813E0
3.366807300E-1,2.753331959E-1,5.638344884E-1,9.882067680E0
3.466812320E-1,2.633621991E-1,5.650315881E-1,9.880870819E0
3.566846170E-1,2.669534981E-1,5.590460896E-1,9.883264542E0
3.666838100E-1,2.561795712E-1,5.578489900E-1,9.900024414E0
3.766834450E-1,2.717418969E-1,5.614402890E-1,9.890447617E0
3.866856470E-1,2.669534981E-1,5.662286878E-1,9.882067680E0
3.966852860E-1,2.645592988E-1,5.578489900E-1,9.891644478E0
4.066845870E-1,2.741360962E-1,5.686228871E-1,9.885659218E0
4.166616600E-1,2.657563984E-1,5.638344884E-1,9.888052940E0
4.266917540E-1,2.729389966E-1,5.662286878E-1,9.894038200E0
4.366646090E-1,2.705447972E-1,5.590460896E-1,9.861717224E0
4.466551330E-1,2.777273953E-1,5.662286878E-1,9.879673004E0
4.567322020E-1,2.741360962E-1,5.626373887E-1,9.897629738E0
4.667046790E-1,2.741360962E-1,5.530605912E-1,9.872490883E0
4.766733020E-1,2.753331959E-1,5.662286878E-1,9.892841339E0
4.866533640E-1,2.633621991E-1,5.614402890E-1,9.882067680E0
4.966434720E-1,2.597708702E-1,5.686228871E-1,9.878476143E0
5.066520260E-1,2.681505978E-1,5.638344884E-1,9.906009674E0
5.166799760E-1,2.621650994E-1,5.602431893E-1,9.892841339E0
5.267095470E-1,2.633621991E-1,5.590460896E-1,9.874884605E0
5.366781020E-1,2.729389966E-1,5.638344884E-1,9.884461403E0
5.466760330E-1,2.777273953E-1,5.578489900E-1,9.892841339E0
5.566680370E-1,2.609679997E-1,5.662286878E-1,9.891644478E0
5.666613850E-1,2.681505978E-1,5.566518903E-1,9.897629738E0
5.781425780E-1,2.753331959E-1,5.566518903E-1,9.874884605E0
5.874041560E-1,2.705447972E-1,5.566518903E-1,9.870096207E0
5.970276750E-1,2.753331959E-1,5.662286878E-1,9.904812813E0
6.068803580E-1,2.681505978E-1,5.650315881E-1,9.890447617E0
6.167566610E-1,2.681505978E-1,5.638344884E-1,9.870096207E0
6.266941590E-1,2.693476975E-1,5.578489900E-1,9.895236015E0
6.366810420E-1,2.669534981E-1,5.614402890E-1,9.882067680E0
6.466606570E-1,2.633621991E-1,5.758054852E-1,9.890447617E0
6.566563100E-1,2.561795712E-1,5.686228871E-1,9.898826599E0
6.666474450E-1,2.657563984E-1,5.686228871E-1,9.896432877E0
6.766414160E-1,2.561795712E-1,5.686228871E-1,9.864110947E0
6.866383050E-1,2.585737705E-1,5.614402890E-1,9.876082420E0
6.966380000E-1,2.513911724E-1,5.722141862E-1,9.891644478E0
7.066449630E-1,2.693476975E-1,5.614402890E-1,9.895236015E0
7.166521940E-1,2.621650994E-1,5.614402890E-1,9.901221275E0
7.266552520E-1,2.645592988E-1,5.602431893E-1,9.900024414E0
7.366531460E-1,2.657563984E-1,5.530605912E-1,9.895236015E0
7.466578630E-1,2.693476975E-1,5.638344884E-1,9.874884605E0
7.567906830E-1,2.741360962E-1,5.602431893E-1,9.891644478E0
7.667141890E-1,2.705447972E-1,5.662286878E-1,9.895236015E0
7.766830190E-1,2.669534981E-1,5.566518903E-1,9.871294022E0
7.866676840E-1,2.729389966E-1,5.554547906E-1,9.894038200E0
7.966572280E-1,2.801215947E-1,5.674257874E-1,9.865307808E0
8.066589230E-1,2.777273953E-1,5.662286878E-1,9.890447617E0
8.166576550E-1,2.585737705E-1,5.650315881E-1,9.900024414E0
8.266494250E-1,2.669534981E-1,5.578489900E-1,9.879673004E0
8.366685600E-1,2.645592988E-1,5.626373887E-1,9.900024414E0
8.466541660E-1,2.633621991E-1,5.590460896E-1,9.885659218E0
8.566624110E-1,2.729389966E-1,5.674257874E-1,9.872490883E0
8.666605530E-1,2.693476975E-1,5.686228871E-1,9.898826599E0
8.766924890E-1,2.693476975E-1,5.590460896E-1,9.890447617E0
8.866905730E-1,2.657563984E-1,5.650315881E-1,9.879673004E0
8.966698260E-1,2.741360962E-1,5.590460896E-1,9.914389610E0
9.066633760E-1,2.729389966E-1,5.566518903E-1,9.885659218E0
9.166518040E-1,2.669534981E-1,5.698199868E-1,9.866505623E0
9.266592490E-1,2.657563984E-1,5.686228871E-1,9.898826599E0
9.366586640E-1,2.657563984E-1,5.650315881E-1,9.892841339E0
9.466628720E-1,2.561795712E-1,5.662286878E-1,9.882067680E0
9.566632640E-1,2.657563984E-1,5.470750928E-1,9.903614998E0
9.666827870E-1,2.597708702E-1,5.722141862E-1,9.891644478E0
9.767069330E-1,2.609679997E-1,5.722141862E-1,9.886856079E0
9.866811410E-1,2.669534981E-1,5.614402890E-1,9.888052940E0
9.967005520E-1,2.717418969E-1,5.650315881E-1,9.890447617E0
1.006685354E0,2.669534981E-1,5.626373887E-1,9.896432877E0
1.016671082E0,2.741360962E-1,5.554547906E-1,9.883264542E0
1.026662946E0,2.729389966E-1,5.662286878E-1,9.877279282E0
1.036653974E0,2.597708702E-1,5.698199868E-1,9.897629738E0
1.046649392E0,2.753331959E-1,5.686228871E-1,9.897629738E0
1.056698543E0,2.669534981E-1,5.626373887E-1,9.890447617E0
1.066854330E0,2.777273953E-1,5.662286878E-1,9.896432877E0
1.076761281E0,2.657563984E-1,5.554547906E-1,9.906009674E0
1.086708545E0,2.645592988E-1,5.686228871E-1,9.892841339E0
1.096689754E0,2.681505978E-1,5.662286878E-1,9.897629738E0
1.106678917E0,2.693476975E-1,5.650315881E-1,9.902418137E0
1.116667094E0,2.657563984E-1,5.554547906E-1,9.891644478E0
1.126658375E0,2.657563984E-1,5.626373887E-1,9.879673004E0
1.136679804E0,2.741360962E-1,5.614402890E-1,9.900024414E0
1.146701076E0,2.693476975E-1,5.566518903E-1,9.908403397E0
1.156680039E0,2.657563984E-1,5.590460896E-1,9.890447617E0
1.166665617E0,2.693476975E-1,5.626373887E-1,9.880870819E0
1.176667194E0,2.597708702E-1,5.650315881E-1,9.880870819E0
1.186659694E0,2.633621991E-1,5.650315881E-1,9.892841339E0
1.196669117E0,2.669534981E-1,5.602431893E-1,9.895236015E0
1.206670502E0,2.789244950E-1,5.662286878E-1,9.888052940E0
1.216663829E0,2.693476975E-1,5.674257874E-1,9.888052940E0
1.226662204E0,2.621650994E-1,5.674257874E-1,9.901221275E0
1.236655584E0,2.753331959E-1,5.626373887E-1,9.898826599E0
1.246651408E0,2.681505978E-1,5.626373887E-1,9.897629738E0
1.256694205E0,2.669534981E-1,5.602431893E-1,9.888052940E0
1.266675623E0,2.765302956E-1,5.638344884E-1,9.884461403E0
1.276696678E0,2.753331959E-1,5.674257874E-1,9.896432877E0
1.286702455E0,2.681505978E-1,5.722141862E-1,9.898826599E0
1.296681113E0,2.741360962E-1,5.626373887E-1,9.892841339E0
1.306671231E0,2.657563984E-1,5.626373887E-1,9.876082420E0
1.316660732E0,2.585737705E-1,5.674257874E-1,9.891644478E0
1.326657944E0,2.693476975E-1,5.746083856E-1,9.895236015E0
1.336680319E0,2.789244950E-1,5.722141862E-1,9.904812813E0
1.346667295E0,2.633621991E-1,5.674257874E-1,9.898826599E0
1.356674572E0,2.573766708E-1,5.638344884E-1,9.868899345E0
1.366664902E0,2.669534981E-1,5.674257874E-1,9.890447617E0
1.376667125E0,2.657563984E-1,5.722141862E-1,9.902418137E0
1.386660544E0,2.681505978E-1,5.542576909E-1,9.890447617E0
1.396664638E0,2.609679997E-1,5.662286878E-1,9.890447617E0
1.406663243E0,2.693476975E-1,5.614402890E-1,9.876082420E0
1.416680699E0,2.669534981E-1,5.626373887E-1,9.871294022E0
1.426701466E0,2.681505978E-1,5.686228871E-1,9.910798073E0
1.436683349E0,2.729389966E-1,5.518634915E-1,9.889249802E0
1.446680906E0,2.693476975E-1,5.626373887E-1,9.878476143E0
1.456671339E0,2.645592988E-1,5.686228871E-1,9.882067680E0
1.466667363E0,2.621650994E-1,5.602431893E-1,9.902418137E0
1.476666413E0,2.585737705E-1,5.650315881E-1,9.891644478E0
1.486660169E0,2.573766708E-1,5.614402890E-1,9.888052940E0
1.496658489E0,2.549824715E-1,5.602431893E-1,9.871294022E0
1.506658265E0,2.645592988E-1,5.602431893E-1,9.877279282E0
1.516685153E0,2.645592988E-1,5.638344884E-1,9.891644478E0
1.526700250E0,2.621650994E-1,5.602431893E-1,9.904812813E0
1.536704587E0,2.705447972E-1,5.638344884E-1,9.898826599E0
1.546720737E0,2.729389966E-1,5.578489900E-1,9.888052940E0
1.556742196E0,2.693476975E-1,5.602431893E-1,9.888052940E0
1.566698849E0,2.717418969E-1,5.602431893E-1,9.894038200E0
1.576682560E0,2.657563984E-1,5.722141862E-1,9.897629738E0
1.586667781E0,2.645592988E-1,5.566518903E-1,9.894038200E0
1.596676564E0,2.585737705E-1,5.662286878E-1,9.886856079E0
1.606667302E0,2.537853718E-1,5.614402890E-1,9.892841339E0
1.616662460E0,2.609679997E-1,5.722141862E-1,9.891644478E0
1.626694712E0,2.585737705E-1,5.650315881E-1,9.907206535E0
1.636704684E0,2.537853718E-1,5.650315881E-1,9.895236015E0
1.646685362E0,2.609679997E-1,5.626373887E-1,9.882067680E0
1.656675682E0,2.645592988E-1,5.566518903E-1,9.874884605E0
1.666667265E0,2.753331959E-1,5.710170865E-1,9.889249802E0
1.676665941E0,2.765302956E-1,5.674257874E-1,9.890447617E0
1.686656471E0,2.813186944E-1,5.578489900E-1,9.878476143E0
1.696659506E0,2.741360962E-1,5.638344884E-1,9.896432877E0
1.706652542E0,2.657563984E-1,5.626373887E-1,9.878476143E0
1.716663618E0,2.729389966E-1,5.698199868E-1,9.902418137E0
1.726664175E0,2.633621991E-1,5.710170865E-1,9.901221275E0
1.736661204E0,2.633621991E-1,5.590460896E-1,9.898826599E0
1.746662218E0,2.657563984E-1,5.590460896E-1,9.900024414E0
1.756660379E0,2.561795712E-1,5.626373887E-1,9.890447617E0
1.766654902E0,2.669534981E-1,5.734112859E-1,9.880870819E0
1.776667894E0,2.609679997E-1,5.686228871E-1,9.894038200E0
1.786669255E0,2.741360962E-1,5.638344884E-1,9.894038200E0
1.796694282E0,2.645592988E-1,5.590460896E-1,9.892841339E0
1.806674930E0,2.681505978E-1,5.590460896E-1,9.895236015E0
1.816693773E0,2.633621991E-1,5.626373887E-1,9.882067680E0
1.826710983E0,2.669534981E-1,5.650315881E-1,9.888052940E0
1.836687608E0,2.729389966E-1,5.638344884E-1,9.892841339E0
1.846670786E0,2.657563984E-1,5.662286878E-1,9.897629738E0
1.856660605E0,2.573766708E-1,5.626373887E-1,9.892841339E0
1.866662688E0,2.621650994E-1,5.674257874E-1,9.885659218E0
1.876675595E0,2.597708702E-1,5.662286878E-1,9.879673004E0
1.886663067E0,2.765302956E-1,5.686228871E-1,9.889249802E0
1.896657419E0,2.633621991E-1,5.650315881E-1,9.892841339E0
1.906727633E0,2.621650994E-1,5.626373887E-1,9.895236015E0
1.916692606E0,2.669534981E-1,5.662286878E-1,9.896432877E0
1.926678592E0,2.681505978E-1,5.614402890E-1,9.897629738E0
1.936696412E0,2.705447972E-1,5.590460896E-1,9.874884605E0
1.946672995E0,2.729389966E-1,5.638344884E-1,9.884461403E0
1.956666383E0,2.645592988E-1,5.566518903E-1,9.894038200E0
1.966677442E0,2.669534981E-1,5.566518903E-1,9.889249802E0
1.976672741E0,2.693476975E-1,5.626373887E-1,9.874884605E0
1.986665487E0,2.657563984E-1,5.650315881E-1,9.894038200E0
1.996659033E0,2.609679997E-1,5.578489900E-1,9.897629738E0
2.006664556E0,2.669534981E-1,5.614402890E-1,9.889249802E0
2.016658144E0,2.633621991E-1,5.674257874E-1,9.900024414E0
2.026691438E0,2.633621991E-1,5.626373887E-1,9.884461403E0
2.036672085E0,2.633621991E-1,5.626373887E-1,9.883264542E0
2.046664274E0,2.741360962E-1,5.614402890E-1,9.888052940E0
2.056682561E0,2.717418969E-1,5.722141862E-1,9.888052940E0
2.066691108E0,2.681505978E-1,5.626373887E-1,9.902418137E0
2.076673574E0,2.681505978E-1,5.674257874E-1,9.876082420E0
2.086689230E0,2.609679997E-1,5.662286878E-1,9.883264542E0
2.096683327E0,2.669534981E-1,5.674257874E-1,9.879673004E0
2.106739010E0,2.681505978E-1,5.626373887E-1,9.892841339E0
2.116707102E0,2.717418969E-1,5.602431893E-1,9.896432877E0
2.126715148E0,2.657563984E-1,5.626373887E-1,9.910798073E0
2.136708479E0,2.717418969E-1,5.614402890E-1,9.880870819E0
2.146682086E0,2.609679997E-1,5.566518903E-1,9.883264542E0
2.156674005E0,2.681505978E-1,5.686228871E-1,9.889249802E0
2.166697080E0,2.717418969E-1,5.638344884E-1,9.888052940E0
2.176681291E0,2.657563984E-1,5.566518903E-1,9.892841339E0
2.186675531E0,2.729389966E-1,5.590460896E-1,9.879673004E0
2.196662824E0,2.681505978E-1,5.590460896E-1,9.896432877E0
2.206720316E0,2.645592988E-1,5.626373887E-1,9.880870819E0
2.216711986E0,2.753331959E-1,5.674257874E-1,9.886856079E0
2.226719494E0,2.597708702E-1,5.614402890E-1,9.897629738E0
2.236697151E0,2.729389966E-1,5.638344884E-1,9.895236015E0
2.246678903E0,2.669534981E-1,5.590460896E-1,9.880870819E0
2.256691318E0,2.705447972E-1,5.722141862E-1,9.895236015E0
2.266704717E0,2.609679997E-1,5.698199868E-1,9.891644478E0
2.276687609E0,2.669534981E-1,5.698199868E-1,9.888052940E0
2.286670286E0,2.669534981E-1,5.686228871E-1,9.890447617E0
2.296660605E0,2.705447972E-1,5.638344884E-1,9.895236015E0
2.306657322E0,2.669534981E-1,5.602431893E-1,9.892841339E0
2.316662546E0,2.681505978E-1,5.602431893E-1,9.885659218E0
2.326695677E0,2.621650994E-1,5.650315881E-1,9.894038200E0
2.336675339E0,2.669534981E-1,5.674257874E-1,9.891644478E0
2.346672689E0,2.609679997E-1,5.686228871E-1,9.886856079E0
2.356666441E0,2.717418969E-1,5.614402890E-1,9.885659218E0
2.366668336E0,2.657563984E-1,5.638344884E-1,9.889249802E0
2.376674534E0,2.765302956E-1,5.614402890E-1,9.880870819E0
2.386665575E0,2.717418969E-1,5.686228871E-1,9.902418137E0
2.396690269E0,2.729389966E-1,5.626373887E-1,9.892841339E0
2.406673289E0,2.693476975E-1,5.650315881E-1,9.889249802E0
2.416699703E0,2.585737705E-1,5.590460896E-1,9.884461403E0
2.426692621E0,2.645592988E-1,5.590460896E-1,9.898826599E0
2.436672330E0,2.621650994E-1,5.650315881E-1,9.897629738E0
2.446667069E0,2.621650994E-1,5.590460896E-1,9.888052940E0
2.456665516E0,2.633621991E-1,5.638344884E-1,9.900024414E0
2.466722643E0,2.681505978E-1,5.590460896E-1,9.895236015E0
2.476699495E0,2.573766708E-1,5.638344884E-1,9.891644478E0
2.486677075E0,2.705447972E-1,5.590460896E-1,9.886856079E0
2.496663307E0,2.693476975E-1,5.770025849E-1,9.892841339E0
2.506657673E0,2.717418969E-1,5.698199868E-1,9.890447617E0
2.516654299E0,2.681505978E-1,5.602431893E-1,9.885659218E0
2.526657477E0,2.765302956E-1,5.602431893E-1,9.877279282E0
2.536656104E0,2.741360962E-1,5.650315881E-1,9.896432877E0
2.546658745E0,2.657563984E-1,5.650315881E-1,9.894038200E0
2.556656892E0,2.693476975E-1,5.686228871E-1,9.889249802E0
2.566656081E0,2.753331959E-1,5.590460896E-1,9.885659218E0
2.576668118E0,2.669534981E-1,5.554547906E-1,9.889249802E0
2.586662963E0,2.741360962E-1,5.590460896E-1,9.879673004E0
2.596663213E0,2.645592988E-1,5.602431893E-1,9.895236015E0
2.606708069E0,2.657563984E-1,5.662286878E-1,9.890447617E0
2.616684150E0,2.669534981E-1,5.650315881E-1,9.879673004E0
2.626675672E0,2.645592988E-1,5.638344884E-1,9.886856079E0
2.636668606E0,2.657563984E-1,5.698199868E-1,9.901221275E0
2.646669611E0,2.729389966E-1,5.686228871E-1,9.884461403E0
2.656661460E0,2.717418969E-1,5.602431893E-1,9.896432877E0
2.666684192E0,2.669534981E-1,5.662286878E-1,9.892841339E0
2.676684308E0,2.705447972E-1,5.590460896E-1,9.883264542E0
2.686776347E0,2.717418969E-1,5.686228871E-1,9.878476143E0
2.696712328E0,2.693476975E-1,5.602431893E-1,9.906009674E0
2.706681838E0,2.693476975E-1,5.578489900E-1,9.897629738E0
2.716675689E0,2.633621991E-1,5.530605912E-1,9.885659218E0
2.726747499E0,2.657563984E-1,5.710170865E-1,9.880870819E0
2.736699000E0,2.705447972E-1,5.710170865E-1,9.876082420E0
2.746685135E0,2.753331959E-1,5.686228871E-1,9.900024414E0
2.756670760E0,2.597708702E-1,5.578489900E-1,9.890447617E0
2.766666630E0,2.645592988E-1,5.662286878E-1,9.871294022E0
2.776667623E0,2.705447972E-1,5.602431893E-1,9.874884605E0
2.786686312E0,2.837128937E-1,5.638344884E-1,9.902418137E0
2.796672060E0,2.657563984E-1,5.698199868E-1,9.890447617E0
2.806663723E0,2.621650994E-1,5.602431893E-1,9.880870819E0
2.816671227E0,2.657563984E-1,5.602431893E-1,9.890447617E0
2.826707249E0,2.705447972E-1,5.530605912E-1,9.886856079E0
2.836687875E0,2.765302956E-1,5.650315881E-1,9.878476143E0
2.846704323E0,2.777273953E-1,5.614402890E-1,9.884461403E0
2.856675777E0,2.669534981E-1,5.650315881E-1,9.878476143E0
2.866695427E0,2.693476975E-1,5.566518903E-1,9.891644478E0
2.876718829E0,2.633621991E-1,5.626373887E-1,9.902418137E0
2.886698473E0,2.729389966E-1,5.638344884E-1,9.889249802E0
2.896710602E0,2.705447972E-1,5.746083856E-1,9.879673004E0
2.906684821E0,2.753331959E-1,5.638344884E-1,9.889249802E0
2.916714257E0,2.609679997E-1,5.578489900E-1,9.879673004E0
2.926676456E0,2.669534981E-1,5.626373887E-1,9.883264542E0
2.936657382E0,2.633621991E-1,5.662286878E-1,9.884461403E0
2.946646999E0,2.681505978E-1,5.638344884E-1,9.877279282E0
2.956640346E0,2.693476975E-1,5.626373887E-1,9.898826599E0
2.966638654E0,2.633621991E-1,5.638344884E-1,9.885659218E0
2.976661962E0,2.717418969E-1,5.602431893E-1,9.885659218E0
2.986672058E0,2.753331959E-1,5.662286878E-1,9.892841339E0
2.996674626E0,2.609679997E-1,5.566518903E-1,9.892841339E0
3.006670160E0,2.657563984E-1,5.650315881E-1,9.878476143E0
3.016649715E0,2.597708702E-1,5.638344884E-1,9.880870819E0
3.026648262E0,2.729389966E-1,5.734112859E-1,9.902418137E0
3.036642112E0,2.633621991E-1,5.566518903E-1,9.879673004E0
3.046634056E0,2.633621991E-1,5.638344884E-1,9.889249802E0
3.056631778E0,2.633621991E-1,5.710170865E-1,9.884461403E0
3.066649985E0,2.693476975E-1,5.662286878E-1,9.884461403E0
3.076669358E0,2.693476975E-1,5.650315881E-1,9.898826599E0
3.086652391E0,2.657563984E-1,5.554547906E-1,9.884461403E0
3.096644830E0,2.693476975E-1,5.638344884E-1,9.879673004E0
3.106645281E0,2.729389966E-1,5.650315881E-1,9.896432877E0
3.116677487E0,2.657563984E-1,5.710170865E-1,9.894038200E0
3.126670436E0,2.777273953E-1,5.710170865E-1,9.890447617E0
3.136656334E0,2.693476975E-1,5.650315881E-1,9.889249802E0
3.146680167E0,2.609679997E-1,5.614402890E-1,9.877279282E0
3.156686891E0,2.573766708E-1,5.626373887E-1,9.892841339E0
3.166694715E0,2.657563984E-1,5.638344884E-1,9.890447617E0
3.176674185E0,2.657563984E-1,5.602431893E-1,9.894038200E0
3.186665035E0,2.693476975E-1,5.614402890E-1,9.867702484E0
3.196668364E0,2.681505978E-1,5.662286878E-1,9.884461403E0
3.206660278E0,2.693476975E-1,5.638344884E-1,9.886856079E0
3.216665601E0,2.633621991E-1,5.650315881E-1,9.878476143E0
3.226690897E0,2.765302956E-1,5.566518903E-1,9.889249802E0
3.236698853E0,2.693476975E-1,5.650315881E-1,9.886856079E0
3.246806196E0,2.741360962E-1,5.566518903E-1,9.888052940E0
3.256742118E0,2.729389966E-1,5.530605912E-1,9.885659218E0
3.266715963E0,2.789244950E-1,5.638344884E-1,9.883264542E0
3.276687386E0,2.681505978E-1,5.542576909E-1,9.889249802E0
3.286679001E0,2.573766708E-1,5.686228871E-1,9.878476143E0
3.296666751E0,2.621650994E-1,5.614402890E-1,9.886856079E0
3.306685530E0,2.669534981E-1,5.638344884E-1,9.885659218E0
3.316667304E0,2.729389966E-1,5.638344884E-1,9.891644478E0
3.326693306E0,2.705447972E-1,5.662286878E-1,9.885659218E0
3.336673961E0,2.693476975E-1,5.626373887E-1,9.883264542E0
3.346803115E0,2.705447972E-1,5.626373887E-1,9.886856079E0
3.356725077E0,2.717418969E-1,5.602431893E-1,9.904812813E0
3.366696096E0,2.717418969E-1,5.590460896E-1,9.880870819E0
3.376681664E0,2.705447972E-1,5.578489900E-1,9.872490883E0
3.386664351E0,2.669534981E-1,5.698199868E-1,9.888052940E0
3.396661772E0,2.645592988E-1,5.686228871E-1,9.892841339E0
3.406661502E0,2.573766708E-1,5.578489900E-1,9.892841339E0
3.416657040E0,2.657563984E-1,5.554547906E-1,9.879673004E0
3.426668501E0,2.693476975E-1,5.662286878E-1,9.883264542E0
3.436659924E0,2.681505978E-1,5.638344884E-1,9.889249802E0
3.446668097E0,2.717418969E-1,5.662286878E-1,9.892841339E0
3.456663972E0,2.729389966E-1,5.638344884E-1,9.902418137E0
3.466671659E0,2.717418969E-1,5.542576909E-1,9.868899345E0
3.476680291E0,2.693476975E-1,5.530605912E-1,9.860519409E0
3.486711665E0,2.717418969E-1,5.686228871E-1,9.884461403E0
3.496680910E0,2.693476975E-1,5.602431893E-1,9.901221275E0
3.506665378E0,2.801215947E-1,5.614402890E-1,9.897629738E0
3.516684497E0,2.633621991E-1,5.542576909E-1,9.882067680E0
3.526703729E0,2.669534981E-1,5.602431893E-1,9.877279282E0
3.536683922E0,2.693476975E-1,5.650315881E-1,9.883264542E0
3.546801269E0,2.705447972E-1,5.674257874E-1,9.892841339E0
3.556750289E0,2.657563984E-1,5.650315881E-1,9.898826599E0
3.566705933E0,2.609679997E-1,5.542576909E-1,9.888052940E0
3.576674121E0,2.597708702E-1,5.602431893E-1,9.871294022E0
3.586651945E0,2.645592988E-1,5.650315881E-1,9.880870819E0
3.596640338E0,2.705447972E-1,5.698199868E-1,9.898826599E0
3.606652111E0,2.717418969E-1,5.662286878E-1,9.888052940E0
3.616667113E0,2.645592988E-1,5.638344884E-1,9.880870819E0
3.626653903E0,2.645592988E-1,5.590460896E-1,9.880870819E0
3.636659894E0,2.729389966E-1,5.614402890E-1,9.891644478E0
3.646650274E0,2.741360962E-1,5.686228871E-1,9.889249802E0
3.656642637E0,2.729389966E-1,5.638344884E-1,9.890447617E0
3.666635761E0,2.693476975E-1,5.626373887E-1,9.883264542E0
3.676672477E0,2.669534981E-1,5.638344884E-1,9.879673004E0
3.686687219E0,2.669534981E-1,5.722141862E-1,9.886856079E0
3.696707590E0,2.693476975E-1,5.602431893E-1,9.877279282E0
3.706688487E0,2.633621991E-1,5.638344884E-1,9.898826599E0
3.716708109E0,2.645592988E-1,5.626373887E-1,9.886856079E0
3.726730805E0,2.669534981E-1,5.638344884E-1,9.885659218E0
3.737301480E0,2.633621991E-1,5.662286878E-1,9.888052940E0
3.746981567E0,2.681505978E-1,5.686228871E-1,9.892841339E0
3.756813726E0,2.657563984E-1,5.566518903E-1,9.876082420E0
3.766905152E0,2.681505978E-1,5.686228871E-1,9.884461403E0
3.776784980E0,2.657563984E-1,5.638344884E-1,9.885659218E0
3.786715894E0,2.729389966E-1,5.638344884E-1,9.892841339E0
3.796682524E0,2.741360962E-1,5.614402890E-1,9.889249802E0
3.806664974E0,2.597708702E-1,5.638344884E-1,9.884461403E0
3.816660679E0,2.705447972E-1,5.710170865E-1,9.880870819E0
3.826656782E0,2.621650994E-1,5.578489900E-1,9.890447617E0
3.836647987E0,2.645592988E-1,5.662286878E-1,9.888052940E0
3.846655090E0,2.633621991E-1,5.674257874E-1,9.884461403E0
3.856650680E0,2.657563984E-1,5.662286878E-1,9.883264542E0
3.866657359E0,2.609679997E-1,5.578489900E-1,9.890447617E0
3.876677295E0,2.741360962E-1,5.662286878E-1,9.891644478E0
3.886687936E0,2.705447972E-1,5.686228871E-1,9.884461403E0
3.896703295E0,2.657563984E-1,5.542576909E-1,9.888052940E0
3.906686898E0,2.741360962E-1,5.674257874E-1,9.880870819E0
3.916707872E0,2.609679997E-1,5.566518903E-1,9.880870819E0
3.926684994E0,2.801215947E-1,5.554547906E-1,9.885659218E0
3.936669478E0,2.777273953E-1,5.602431893E-1,9.886856079E0
3.946667316E0,2.729389966E-1,5.698199868E-1,9.882067680E0
3.956657696E0,2.681505978E-1,5.626373887E-1,9.882067680E0
3.966662444E0,2.669534981E-1,5.638344884E-1,9.891644478E0
3.976658030E0,2.705447972E-1,5.566518903E-1,9.888052940E0
3.986667669E0,2.681505978E-1,5.554547906E-1,9.882067680E0
3.996662623E0,2.645592988E-1,5.614402890E-1,9.889249802E0
4.006658062E0,2.645592988E-1,5.674257874E-1,9.897629738E0
4.016688531E0,2.669534981E-1,5.626373887E-1,9.895236015E0
4.026680419E0,2.561795712E-1,5.590460896E-1,9.888052940E0
4.036671671E0,2.669534981E-1,5.662286878E-1,9.890447617E0
4.046664105E0,2.669534981E-1,5.698199868E-1,9.896432877E0
4.056669726E0,2.777273953E-1,5.650315881E-1,9.885659218E0
4.066667805E0,2.705447972E-1,5.590460896E-1,9.883264542E0
4.076686749E0,2.729389966E-1,5.662286878E-1,9.880870819E0
4.086668144E0,2.705447972E-1,5.614402890E-1,9.879673004E0
4.096670091E0,2.633621991E-1,5.614402890E-1,9.890447617E0
4.106666930E0,2.681505978E-1,5.686228871E-1,9.884461403E0
4.116665446E0,2.681505978E-1,5.626373887E-1,9.886856079E0
4.126659281E0,2.669534981E-1,5.686228871E-1,9.882067680E0
4.136659064E0,2.621650994E-1,5.686228871E-1,9.883264542E0
4.146659570E0,2.585737705E-1,5.566518903E-1,9.882067680E0
4.156652958E0,2.597708702E-1,5.626373887E-1,9.890447617E0
4.166658037E0,2.717418969E-1,5.626373887E-1,9.890447617E0
4.176664672E0,2.681505978E-1,5.638344884E-1,9.885659218E0
4.186662009E0,2.693476975E-1,5.686228871E-1,9.896432877E0
4.196653985E0,2.669534981E-1,5.650315881E-1,9.886856079E0
4.206673896E0,2.681505978E-1,5.554547906E-1,9.896432877E0
4.216664890E0,2.633621991E-1,5.602431893E-1,9.894038200E0
4.226661291E0,2.669534981E-1,5.626373887E-1,9.884461403E0
4.236651588E0,2.693476975E-1,5.650315881E-1,9.896432877E0
4.246658602E0,2.681505978E-1,5.662286878E-1,9.892841339E0
4.256673955E0,2.693476975E-1,5.626373887E-1,9.889249802E0
4.266669189E0,2.609679997E-1,5.650315881E-1,9.888052940E0
4.276684075E0,2.657563984E-1,5.638344884E-1,9.902418137E0
4.286686691E0,2.669534981E-1,5.614402890E-1,9.891644478E0
4.296673384E0,2.645592988E-1,5.674257874E-1,9.885659218E0
4.306699500E0,2.657563984E-1,5.686228871E-1,9.898826599E0
4.316690038E0,2.657563984E-1,5.638344884E-1,9.884461403E0
4.326701807E0,2.609679997E-1,5.674257874E-1,9.890447617E0
4.336680057E0,2.729389966E-1,5.650315881E-1,9.895236015E0
4.346670240E0,2.717418969E-1,5.746083856E-1,9.882067680E0
4.356662581E0,2.777273953E-1,5.638344884E-1,9.894038200E0
4.366658963E0,2.633621991E-1,5.686228871E-1,9.889249802E0
4.376654885E0,2.681505978E-1,5.554547906E-1,9.898826599E0
4.386656481E0,2.693476975E-1,5.542576909E-1,9.894038200E0
4.396658144E0,2.657563984E-1,5.650315881E-1,9.885659218E0
4.406656456E0,2.657563984E-1,5.722141862E-1,9.882067680E0
4.416661536E0,2.681505978E-1,5.650315881E-1,9.891644478E0
4.426656845E0,2.681505978E-1,5.614402890E-1,9.888052940E0
4.436656480E0,2.705447972E-1,5.554547906E-1,9.879673004E0
4.446687182E0,2.669534981E-1,5.674257874E-1,9.882067680E0
4.456677206E0,2.645592988E-1,5.722141862E-1,9.880870819E0
4.466677353E0,2.741360962E-1,5.722141862E-1,9.894038200E0
4.476661561E0,2.645592988E-1,5.698199868E-1,9.896432877E0
4.486659300E0,2.693476975E-1,5.530605912E-1,9.886856079E0
4.496697919E0,2.693476975E-1,5.638344884E-1,9.877279282E0
4.506676748E0,2.753331959E-1,5.614402890E-1,9.879673004E0
4.516660797E0,2.561795712E-1,5.710170865E-1,9.888052940E0
4.526656668E0,2.597708702E-1,5.781996846E-1,9.897629738E0
4.536660565E0,2.693476975E-1,5.614402890E-1,9.900024414E0
4.546662975E0,2.729389966E-1,5.578489900E-1,9.894038200E0
4.556661276E0,2.621650994E-1,5.662286878E-1,9.896432877E0
4.566658119E0,2.705447972E-1,5.626373887E-1,9.885659218E0
4.576654559E0,2.729389966E-1,5.674257874E-1,9.888052940E0
4.586671856E0,2.765302956E-1,5.698199868E-1,9.891644478E0
4.596672697E0,2.693476975E-1,5.674257874E-1,9.889249802E0
4.606666848E0,2.717418969E-1,5.602431893E-1,9.890447617E0
4.616664039E0,2.657563984E-1,5.614402890E-1,9.888052940E0
4.626661577E0,2.741360962E-1,5.650315881E-1,9.898826599E0
4.636674788E0,2.717418969E-1,5.626373887E-1,9.888052940E0
4.646704355E0,2.741360962E-1,5.602431893E-1,9.895236015E0
4.656676831E0,2.741360962E-1,5.602431893E-1,9.896432877E0
4.666671281E0,2.585737705E-1,5.626373887E-1,9.884461403E0
4.676663198E0,2.717418969E-1,5.650315881E-1,9.886856079E0
4.686690387E0,2.717418969E-1,5.602431893E-1,9.900024414E0
4.696680597E0,2.729389966E-1,5.578489900E-1,9.885659218E0
4.706666221E0,2.633621991E-1,5.662286878E-1,9.894038200E0
4.716660091E0,2.657563984E-1,5.590460896E-1,9.895236015E0
4.726672891E0,2.669534981E-1,5.686228871E-1,9.888052940E0
4.736659291E0,2.753331959E-1,5.686228871E-1,9.889249802E0
4.746671934E0,2.681505978E-1,5.638344884E-1,9.883264542E0
4.756672390E0,2.717418969E-1,5.578489900E-1,9.896432877E0
4.766693752E0,2.621650994E-1,5.626373887E-1,9.891644478E0
4.776697414E0,2.669534981E-1,5.590460896E-1,9.886856079E0
4.786673611E0,2.729389966E-1,5.614402890E-1,9.889249802E0
4.796667901E0,2.621650994E-1,5.638344884E-1,9.892841339E0
4.806658066E0,2.621650994E-1,5.614402890E-1,9.890447617E0
4.816661994E0,2.621650994E-1,5.590460896E-1,9.890447617E0
4.826677843E0,2.717418969E-1,5.650315881E-1,9.894038200E0
4.836697594E0,2.753331959E-1,5.614402890E-1,9.892841339E0
4.846709316E0,2.669534981E-1,5.698199868E-1,9.886856079E0
4.856707273E0,2.645592988E-1,5.614402890E-1,9.892841339E0
4.866711982E0,2.741360962E-1,5.602431893E-1,9.892841339E0
4.876684568E0,2.609679997E-1,5.674257874E-1,9.891644478E0
4.886673438E0,2.657563984E-1,5.614402890E-1,9.888052940E0
4.896670411E0,2.669534981E-1,5.602431893E-1,9.891644478E0
4.906669455E0,2.801215947E-1,5.566518903E-1,9.891644478E0
4.916664881E0,2.705447972E-1,5.698199868E-1,9.895236015E0
4.926658152E0,2.621650994E-1,5.662286878E-1,9.892841339E0
4.936657653E0,2.621650994E-1,5.602431893E-1,9.894038200E0
4.946694365E0,2.657563984E-1,5.578489900E-1,9.884461403E0
4.956676682E0,2.681505978E-1,5.638344884E-1,9.891644478E0
4.966703302E0,2.669534981E-1,5.650315881E-1,9.888052940E0
4.976709708E0,2.657563984E-1,5.650315881E-1,9.888052940E0
4.986688700E0,2.705447972E-1,5.578489900E-1,9.890447617E0
4.996685523E0,2.645592988E-1,5.650315881E-1,9.889249802E0
5.006669357E0,2.717418969E-1,5.590460896E-1,9.882067680E0
5.016688255E0,2.621650994E-1,5.674257874E-1,9.897629738E0
5.026668127E0,2.705447972E-1,5.650315881E-1,9.897629738E0
5.036660986E0,2.669534981E-1,5.614402890E-1,9.883264542E0
5.046693358E0,2.777273953E-1,5.578489900E-1,9.896432877E0
5.056672352E0,2.633621991E-1,5.602431893E-1,9.894038200E0
5.066697772E0,2.645592988E-1,5.626373887E-1,9.878476143E0
5.076680674E0,2.621650994E-1,5.734112859E-1,9.888052940E0
5.086676510E0,2.657563984E-1,5.530605912E-1,9.897629738E0
5.096681370E0,2.681505978E-1,5.626373887E-1,9.895236015E0
5.106675204E0,2.621650994E-1,5.698199868E-1,9.886856079E0
5.116663429E0,2.621650994E-1,5.614402890E-1,9.891644478E0
5.126655945E0,2.645592988E-1,5.626373887E-1,9.891644478E0
5.136651511E0,2.693476975E-1,5.626373887E-1,9.896432877E0
5.146690486E0,2.645592988E-1,5.674257874E-1,9.898826599E0
5.156703589E0,2.633621991E-1,5.626373887E-1,9.885659218E0
5.166684025E0,2.645592988E-1,5.590460896E-1,9.892841339E0
5.176671512E0,2.669534981E-1,5.590460896E-1,9.890447617E0
5.186664390E0,2.693476975E-1,5.662286878E-1,9.884461403E0
5.196664502E0,2.777273953E-1,5.602431893E-1,9.897629738E0
5.206656289E0,2.777273953E-1,5.578489900E-1,9.888052940E0
5.216678048E0,2.753331959E-1,5.662286878E-1,9.885659218E0
5.226688466E0,2.717418969E-1,5.710170865E-1,9.884461403E0
5.236672348E0,2.693476975E-1,5.710170865E-1,9.904812813E0
5.246665770E0,2.693476975E-1,5.590460896E-1,9.892841339E0
5.256685019E0,2.645592988E-1,5.578489900E-1,9.886856079E0
5.266716336E0,2.693476975E-1,5.626373887E-1,9.895236015E0
5.276691225E0,2.741360962E-1,5.638344884E-1,9.897629738E0
5.286679612E0,2.729389966E-1,5.674257874E-1,9.886856079E0
5.296670806E0,2.717418969E-1,5.638344884E-1,9.896432877E0
5.306684729E0,2.753331959E-1,5.626373887E-1,9.884461403E0
5.316675922E0,2.645592988E-1,5.566518903E-1,9.885659218E0
5.326662884E0,2.693476975E-1,5.662286878E-1,9.898826599E0
5.336694557E0,2.729389966E-1,5.638344884E-1,9.889249802E0
5.346712143E0,2.573766708E-1,5.566518903E-1,9.898826599E0
5.356685609E0,2.657563984E-1,5.650315881E-1,9.898826599E0
5.366672419E0,2.657563984E-1,5.686228871E-1,9.890447617E0
5.376665190E0,2.693476975E-1,5.650315881E-1,9.900024414E0
5.386660364E0,2.633621991E-1,5.686228871E-1,9.892841339E0
5.396656662E0,2.537853718E-1,5.650315881E-1,9.891644478E0
5.406658004E0,2.621650994E-1,5.626373887E-1,9.895236015E0
5.416658790E0,2.705447972E-1,5.578489900E-1,9.892841339E0
5.426656087E0,2.621650994E-1,5.638344884E-1,9.898826599E0
5.436660351E0,2.681505978E-1,5.662286878E-1,9.902418137E0
5.446663310E0,2.657563984E-1,5.686228871E-1,9.883264542E0
5.456683712E0,2.717418969E-1,5.686228871E-1,9.890447617E0
5.466681240E0,2.693476975E-1,5.638344884E-1,9.883264542E0
5.476670427E0,2.741360962E-1,5.662286878E-1,9.891644478E0
5.486669328E0,2.693476975E-1,5.602431893E-1,9.885659218E0
5.496666010E0,2.717418969E-1,5.638344884E-1,9.892841339E0
5.506658485E0,2.693476975E-1,5.542576909E-1,9.891644478E0
5.516653819E0,2.705447972E-1,5.626373887E-1,9.891644478E0
5.526661313E0,2.549824715E-1,5.686228871E-1,9.903614998E0
5.536663291E0,2.621650994E-1,5.566518903E-1,9.891644478E0
5.546665972E0,2.633621991E-1,5.650315881E-1,9.892841339E0
5.556662562E0,2.705447972E-1,5.662286878E-1,9.889249802E0
5.566656588E0,2.633621991E-1,5.650315881E-1,9.890447617E0
5.576655120E0,2.621650994E-1,5.686228871E-1,9.892841339E0
5.586654136E0,2.681505978E-1,5.626373887E-1,9.886856079E0
5.596667548E0,2.693476975E-1,5.710170865E-1,9.890447617E0
5.606715908E0,2.621650994E-1,5.638344884E-1,9.890447617E0
5.616681588E0,2.729389966E-1,5.554547906E-1,9.896432877E0
5.626667486E0,2.717418969E-1,5.590460896E-1,9.889249802E0
5.636673069E0,2.705447972E-1,5.674257874E-1,9.891644478E0
5.646668130E0,2.585737705E-1,5.674257874E-1,9.886856079E0
5.656659237E0,2.645592988E-1,5.638344884E-1,9.885659218E0
5.666666156E0,2.621650994E-1,5.590460896E-1,9.894038200E0
5.676662693E0,2.741360962E-1,5.566518903E-1,9.898826599E0
5.686674192E0,2.669534981E-1,5.614402890E-1,9.883264542E0
5.696673595E0,2.657563984E-1,5.590460896E-1,9.888052940E0
5.706687393E0,2.693476975E-1,5.650315881E-1,9.894038200E0
5.716677638E0,2.765302956E-1,5.662286878E-1,9.882067680E0
5.726665165E0,2.693476975E-1,5.602431893E-1,9.885659218E0
5.736660447E0,2.693476975E-1,5.614402890E-1,9.898826599E0
5.746697588E0,2.729389966E-1,5.626373887E-1,9.896432877E0
5.756683082E0,2.669534981E-1,5.590460896E-1,9.891644478E0
5.766667156E0,2.741360962E-1,5.650315881E-1,9.883264542E0
5.776656039E0,2.669534981E-1,5.566518903E-1,9.890447617E0
5.786695750E0,2.669534981E-1,5.674257874E-1,9.894038200E0
5.796689759E0,2.717418969E-1,5.650315881E-1,9.904812813E0
5.806675071E0,2.741360962E-1,5.626373887E-1,9.894038200E0
5.816660727E0,2.681505978E-1,5.686228871E-1,9.891644478E0
5.826680574E0,2.669534981E-1,5.590460896E-1,9.892841339E0
5.836673209E0,2.729389966E-1,5.554547906E-1,9.894038200E0
5.846663623E0,2.681505978E-1,5.626373887E-1,9.891644478E0
5.856656715E0,2.693476975E-1,5.614402890E-1,9.888052940E0
5.866690588E0,2.777273953E-1,5.638344884E-1,9.897629738E0
5.876674563E0,2.657563984E-1,5.626373887E-1,9.902418137E0
5.886668935E0,2.633621991E-1,5.590460896E-1,9.891644478E0
5.896663005E0,2.633621991E-1,5.638344884E-1,9.883264542E0
5.906654636E0,2.669534981E-1,5.626373887E-1,9.883264542E0
5.916696183E0,2.705447972E-1,5.626373887E-1,9.889249802E0
5.926671245E0,2.645592988E-1,5.626373887E-1,9.903614998E0
5.936675218E0,2.597708702E-1,5.482721925E-1,9.895236015E0
5.946675051E0,2.621650994E-1,5.578489900E-1,9.895236015E0
5.956669082E0,2.681505978E-1,5.602431893E-1,9.900024414E0
5.966658021E0,2.669534981E-1,5.602431893E-1,9.891644478E0
5.976677875E0,2.669534981E-1,5.638344884E-1,9.883264542E0
5.986673225E0,2.633621991E-1,5.530605912E-1,9.902418137E0
5.996671823E0,2.693476975E-1,5.698199868E-1,9.884461403E0
6.006667911E0,2.681505978E-1,5.578489900E-1,9.888052940E0
6.016659262E0,2.645592988E-1,5.698199868E-1,9.888052940E0
6.026655226E0,2.681505978E-1,5.626373887E-1,9.889249802E0
6.036659593E0,2.789244950E-1,5.626373887E-1,9.894038200E0
6.046655103E0,2.693476975E-1,5.626373887E-1,9.878476143E0
6.056652185E0,2.657563984E-1,5.686228871E-1,9.895236015E0
6.066691726E0,2.681505978E-1,5.614402890E-1,9.895236015E0
6.076674612E0,2.633621991E-1,5.638344884E-1,9.884461403E0
6.086706748E0,2.753331959E-1,5.578489900E-1,9.889249802E0
6.096717258E0,2.801215947E-1,5.662286878E-1,9.898826599E0
6.106682455E0,2.825157940E-1,5.614402890E-1,9.886856079E0
6.116678631E0,2.753331959E-1,5.686228871E-1,9.892841339E0
6.126671969E0,2.789244950E-1,5.626373887E-1,9.901221275E0
6.136672291E0,2.741360962E-1,5.614402890E-1,9.891644478E0
6.146703664E0,2.669534981E-1,5.662286878E-1,9.890447617E0
6.156692466E0,2.789244950E-1,5.602431893E-1,9.900024414E0
6.166670001E0,2.705447972E-1,5.662286878E-1,9.883264542E0
6.176662711E0,2.705447972E-1,5.626373887E-1,9.888052940E0
6.186661085E0,2.681505978E-1,5.614402890E-1,9.894038200E0
6.196675599E0,2.657563984E-1,5.602431893E-1,9.897629738E0
6.206716472E0,2.705447972E-1,5.686228871E-1,9.892841339E0
6.216776504E0,2.669534981E-1,5.674257874E-1,9.892841339E0
6.226713809E0,2.705447972E-1,5.626373887E-1,9.902418137E0
6.236721865E0,2.645592988E-1,5.626373887E-1,9.904812813E0
6.246696605E0,2.609679997E-1,5.638344884E-1,9.892841339E0
6.256675706E0,2.681505978E-1,5.650315881E-1,9.894038200E0
6.266675660E0,2.561795712E-1,5.638344884E-1,9.892841339E0
6.276687348E0,2.765302956E-1,5.674257874E-1,9.877279282E0
6.286682808E0,2.669534981E-1,5.638344884E-1,9.888052940E0
6.296695557E0,2.621650994E-1,5.602431893E-1,9.897629738E0
6.306669720E0,2.705447972E-1,5.602431893E-1,9.900024414E0
6.316697994E0,2.597708702E-1,5.626373887E-1,9.886856079E0
6.326710035E0,2.705447972E-1,5.590460896E-1,9.892841339E0
6.336687632E0,2.681505978E-1,5.686228871E-1,9.885659218E0
6.346704411E0,2.681505978E-1,5.662286878E-1,9.890447617E0
6.356708878E0,2.741360962E-1,5.650315881E-1,9.898826599E0
6.366683380E0,2.693476975E-1,5.686228871E-1,9.883264542E0
6.376666439E0,2.693476975E-1,5.614402890E-1,9.889249802E0
6.386684046E0,2.681505978E-1,5.686228871E-1,9.892841339E0
6.396682426E0,2.609679997E-1,5.650315881E-1,9.898826599E0
6.407140731E0,2.765302956E-1,5.626373887E-1,9.895236015E0
6.416898326E0,2.717418969E-1,5.554547906E-1,9.900024414E0
6.426773547E0,2.729389966E-1,5.578489900E-1,9.884461403E0
6.436718350E0,2.669534981E-1,5.614402890E-1,9.889249802E0
6.446693174E0,2.645592988E-1,5.602431893E-1,9.891644478E0
6.456680259E0,2.693476975E-1,5.638344884E-1,9.908403397E0
6.466665167E0,2.705447972E-1,5.566518903E-1,9.888052940E0
6.476670890E0,2.633621991E-1,5.614402890E-1,9.878476143E0
6.486674233E0,2.681505978E-1,5.662286878E-1,9.878476143E0
6.496679096E0,2.669534981E-1,5.638344884E-1,9.892841339E0
6.506663374E0,2.717418969E-1,5.530605912E-1,9.898826599E0
6.516687994E0,2.729389966E-1,5.542576909E-1,9.892841339E0
6.526663131E0,2.705447972E-1,5.566518903E-1,9.867702484E0
6.536648584E0,2.681505978E-1,5.614402890E-1,9.882067680E0
6.546650176E0,2.693476975E-1,5.602431893E-1,9.897629738E0
6.556640029E0,2.633621991E-1,5.590460896E-1,9.897629738E0
6.566637014E0,2.741360962E-1,5.614402890E-1,9.891644478E0
6.576639775E0,2.633621991E-1,5.638344884E-1,9.892841339E0
6.586639098E0,2.705447972E-1,5.638344884E-1,9.886856079E0
6.596641029E0,2.609679997E-1,5.638344884E-1,9.885659218E0
6.606639975E0,2.657563984E-1,5.590460896E-1,9.891644478E0
6.616638640E0,2.597708702E-1,5.638344884E-1,9.883264542E0
6.626639300E0,2.645592988E-1,5.602431893E-1,9.892841339E0
6.636641014E0,2.621650994E-1,5.650315881E-1,9.901221275E0
6.646642083E0,2.669534981E-1,5.650315881E-1,9.898826599E0
6.656636156E0,2.741360962E-1,5.614402890E-1,9.895236015E0
6.666648116E0,2.657563984E-1,5.602431893E-1,9.883264542E0
6.676656346E0,2.741360962E-1,5.650315881E-1,9.886856079E0
6.686643768E0,2.609679997E-1,5.650315881E-1,9.876082420E0
6.696660537E0,2.633621991E-1,5.698199868E-1,9.886856079E0
6.706647575E0,2.645592988E-1,5.626373887E-1,9.891644478E0
6.716642267E0,2.657563984E-1,5.614402890E-1,9.890447617E0
6.726645133E0,2.681505978E-1,5.602431893E-1,9.888052940E0
6.736657142E0,2.669534981E-1,5.650315881E-1,9.896432877E0
6.746660243E0,2.717418969E-1,5.686228871E-1,9.890447617E0
6.756657755E0,2.669534981E-1,5.578489900E-1,9.882067680E0
6.766659261E0,2.669534981E-1,5.614402890E-1,9.889249802E0
6.776654687E0,2.693476975E-1,5.602431893E-1,9.897629738E0
6.786653862E0,2.633621991E-1,5.722141862E-1,9.876082420E0
6.796687699E0,2.657563984E-1,5.686228871E-1,9.880870819E0
6.806681387E0,2.777273953E-1,5.638344884E-1,9.900024414E0
6.816667423E0,2.609679997E-1,5.626373887E-1,9.886856079E0
6.826662845E0,2.585737705E-1,5.554547906E-1,9.880870819E0
6.836661171E0,2.705447972E-1,5.614402890E-1,9.891644478E0
6.846666834E0,2.681505978E-1,5.650315881E-1,9.883264542E0
6.856664320E0,2.657563984E-1,5.662286878E-1,9.890447617E0
6.866658371E0,2.681505978E-1,5.650315881E-1,9.888052940E0
6.876677934E0,2.741360962E-1,5.710170865E-1,9.888052940E0
6.886693716E0,2.681505978E-1,5.638344884E-1,9.883264542E0
6.896675203E0,2.717418969E-1,5.554547906E-1,9.889249802E0
6.906668600E0,2.729389966E-1,5.686228871E-1,9.888052940E0
6.916668453E0,2.609679997E-1,5.578489900E-1,9.890447617E0
6.926672225E0,2.645592988E-1,5.734112859E-1,9.886856079E0
6.936665515E0,2.669534981E-1,5.578489900E-1,9.879673004E0
6.946656891E0,2.657563984E-1,5.602431893E-1,9.884461403E0
6.956652329E0,2.633621991E-1,5.578489900E-1,9.872490883E0
6.966659913E0,2.597708702E-1,5.602431893E-1,9.889249802E0
6.976658398E0,2.609679997E-1,5.566518903E-1,9.882067680E0
6.986649909E0,2.693476975E-1,5.674257874E-1,9.892841339E0
6.996649569E0,2.741360962E-1,5.578489900E-1,9.895236015E0
7.006654726E0,2.669534981E-1,5.626373887E-1,9.878476143E0
7.016686804E0,2.729389966E-1,5.662286878E-1,9.876082420E0
7.026675920E0,2.621650994E-1,5.710170865E-1,9.889249802E0
7.036664863E0,2.681505978E-1,5.602431893E-1,9.879673004E0
7.046963142E0,2.597708702E-1,5.662286878E-1,9.891644478E0
7.056815224E0,2.717418969E-1,5.578489900E-1,9.876082420E0
7.066734669E0,2.717418969E-1,5.626373887E-1,9.884461403E0
7.076721218E0,2.573766708E-1,5.674257874E-1,9.888052940E0
7.086690416E0,2.633621991E-1,5.674257874E-1,9.870096207E0
7.096669630E0,2.657563984E-1,5.578489900E-1,9.902418137E0
7.106663814E0,2.645592988E-1,5.602431893E-1,9.892841339E0
7.116666560E0,2.597708702E-1,5.614402890E-1,9.886856079E0
7.126665683E0,2.729389966E-1,5.650315881E-1,9.878476143E0
7.136667763E0,2.681505978E-1,5.722141862E-1,9.888052940E0
7.146701265E0,2.669534981E-1,5.662286878E-1,9.896432877E0
7.156708112E0,2.681505978E-1,5.626373887E-1,9.888052940E0
7.166699420E0,2.753331959E-1,5.566518903E-1,9.896432877E0
7.176711978E0,2.645592988E-1,5.518634915E-1,9.876082420E0
7.186684026E0,2.741360962E-1,5.674257874E-1,9.884461403E0
7.196724127E0,2.669534981E-1,5.566518903E-1,9.879673004E0
7.206689832E0,2.729389966E-1,5.614402890E-1,9.886856079E0
7.216675338E0,2.645592988E-1,5.686228871E-1,9.886856079E0
7.226661706E0,2.705447972E-1,5.614402890E-1,9.883264542E0
7.236660160E0,2.741360962E-1,5.650315881E-1,9.892841339E0
7.246728810E0,2.597708702E-1,5.698199868E-1,9.880870819E0
7.256687808E0,2.657563984E-1,5.626373887E-1,9.889249802E0
7.266677134E0,2.621650994E-1,5.614402890E-1,9.885659218E0
7.276688931E0,2.621650994E-1,5.710170865E-1,9.879673004E0
7.286668657E0,2.585737705E-1,5.578489900E-1,9.883264542E0
7.296711058E0,2.681505978E-1,5.674257874E-1,9.894038200E0
7.306683989E0,2.705447972E-1,5.674257874E-1,9.891644478E0
7.316709359E0,2.633621991E-1,5.638344884E-1,9.894038200E0
7.326684871E0,2.681505978E-1,5.602431893E-1,9.886856079E0
7.336664838E0,2.669534981E-1,5.602431893E-1,9.886856079E0
7.346677475E0,2.633621991E-1,5.734112859E-1,9.884461403E0
7.356684236E0,2.621650994E-1,5.650315881E-1,9.890447617E0
7.366693194E0,2.597708702E-1,5.602431893E-1,9.879673004E0
7.376707788E0,2.669534981E-1,5.614402890E-1,9.880870819E0
7.386680277E0,2.705447972E-1,5.650315881E-1,9.888052940E0
7.396694060E0,2.765302956E-1,5.542576909E-1,9.895236015E0
7.406682163E0,2.645592988E-1,5.650315881E-1,9.894038200E0
7.416686734E0,2.669534981E-1,5.602431893E-1,9.883264542E0
7.426667558E0,2.645592988E-1,5.650315881E-1,9.888052940E0
7.436666835E0,2.705447972E-1,5.686228871E-1,9.885659218E0
7.446662243E0,2.765302956E-1,5.614402890E-1,9.882067680E0
7.456663370E0,2.633621991E-1,5.650315881E-1,9.891644478E0
7.466669222E0,2.657563984E-1,5.554547906E-1,9.885659218E0
7.476663571E0,2.705447972E-1,5.542576909E-1,9.871294022E0
7.486664707E0,2.681505978E-1,5.650315881E-1,9.883264542E0
7.496660045E0,2.765302956E-1,5.662286878E-1,9.903614998E0
7.506667483E0,2.573766708E-1,5.698199868E-1,9.902418137E0
7.516669086E0,2.633621991E-1,5.614402890E-1,9.889249802E0
7.526665849E0,2.681505978E-1,5.614402890E-1,9.888052940E0
7.536664269E0,2.645592988E-1,5.626373887E-1,9.867702484E0
7.546658479E0,2.669534981E-1,5.674257874E-1,9.874884605E0
7.556656450E0,2.765302956E-1,5.686228871E-1,9.886856079E0
7.566661281E0,2.645592988E-1,5.554547906E-1,9.874884605E0
7.576663601E0,2.729389966E-1,5.626373887E-1,9.871294022E0
7.586666145E0,2.741360962E-1,5.722141862E-1,9.891644478E0
7.596662225E0,2.657563984E-1,5.650315881E-1,9.867702484E0
7.606665207E0,2.693476975E-1,5.614402890E-1,9.872490883E0
7.616660621E0,2.765302956E-1,5.626373887E-1,9.889249802E0
7.626658809E0,2.633621991E-1,5.662286878E-1,9.880870819E0
7.636664519E0,2.729389966E-1,5.530605912E-1,9.885659218E0
7.646660201E0,2.693476975E-1,5.650315881E-1,9.894038200E0
7.656664349E0,2.693476975E-1,5.602431893E-1,9.890447617E0
7.666671404E0,2.609679997E-1,5.650315881E-1,9.868899345E0
7.676667720E0,2.633621991E-1,5.650315881E-1,9.878476143E0
7.686695166E0,2.597708702E-1,5.662286878E-1,9.892841339E0
7.696679639E0,2.561795712E-1,5.650315881E-1,9.897629738E0
7.706674741E0,2.621650994E-1,5.590460896E-1,9.896432877E0
7.716676927E0,2.597708702E-1,5.626373887E-1,9.879673004E0
7.727018885E0,2.741360962E-1,5.626373887E-1,9.865307808E0
7.736838922E0,2.705447972E-1,5.734112859E-1,9.876082420E0
7.746746921E0,2.693476975E-1,5.674257874E-1,9.895236015E0
7.756694825E0,2.813186944E-1,5.494692922E-1,9.900024414E0
7.766713430E0,2.681505978E-1,5.518634915E-1,9.885659218E0
7.776684175E0,2.765302956E-1,5.578489900E-1,9.878476143E0
7.786669067E0,2.765302956E-1,5.686228871E-1,9.877279282E0
7.796663628E0,2.681505978E-1,5.698199868E-1,9.883264542E0
7.806661159E0,2.693476975E-1,5.554547906E-1,9.898826599E0
7.816659597E0,2.657563984E-1,5.590460896E-1,9.879673004E0
7.826653413E0,2.621650994E-1,5.662286878E-1,9.873687744E0
7.836667474E0,2.597708702E-1,5.626373887E-1,9.876082420E0
7.846663966E0,2.597708702E-1,5.722141862E-1,9.894038200E0
7.856663462E0,2.681505978E-1,5.770025849E-1,9.900024414E0
7.866692499E0,2.597708702E-1,5.650315881E-1,9.895236015E0
7.876699883E0,2.657563984E-1,5.578489900E-1,9.883264542E0
7.886687440E0,2.741360962E-1,5.686228871E-1,9.895236015E0
7.896667834E0,2.717418969E-1,5.638344884E-1,9.895236015E0
7.906665454E0,2.765302956E-1,5.614402890E-1,9.886856079E0
7.916696187E0,2.789244950E-1,5.566518903E-1,9.862914085E0
7.926676169E0,2.645592988E-1,5.590460896E-1,9.861717224E0
7.936666179E0,2.645592988E-1,5.662286878E-1,9.883264542E0
7.946656165E0,2.597708702E-1,5.650315881E-1,9.908403397E0
7.956652177E0,2.681505978E-1,5.602431893E-1,9.892841339E0
7.966692241E0,2.537853718E-1,5.614402890E-1,9.871294022E0
7.976677869E0,2.585737705E-1,5.686228871E-1,9.883264542E0
7.986671010E0,2.657563984E-1,5.710170865E-1,9.900024414E0
7.996691677E0,2.657563984E-1,5.662286878E-1,9.882067680E0
8.006674799E0,2.633621991E-1,5.650315881E-1,9.882067680E0
8.016694725E0,2.705447972E-1,5.614402890E-1,9.878476143E0
8.026680900E0,2.669534981E-1,5.542576909E-1,9.860519409E0
8.036667775E0,2.753331959E-1,5.650315881E-1,9.882067680E0
8.046660790E0,2.729389966E-1,5.686228871E-1,9.911994934E0
8.056656259E0,2.729389966E-1,5.518634915E-1,9.901221275E0
8.066656647E0,2.657563984E-1,5.518634915E-1,9.866505623E0
8.076654553E0,2.729389966E-1,5.686228871E-1,9.879673004E0
8.086661390E0,2.645592988E-1,5.698199868E-1,9.888052940E0
8.096661328E0,2.585737705E-1,5.710170865E-1,9.880870819E0
8.106659374E0,2.597708702E-1,5.638344884E-1,9.901221275E0
8.116687378E0,2.633621991E-1,5.614402890E-1,9.889249802E0
8.126666284E0,2.609679997E-1,5.614402890E-1,9.873687744E0
8.136671948E0,2.573766708E-1,5.614402890E-1,9.889249802E0
8.146671549E0,2.573766708E-1,5.638344884E-1,9.892841339E0
8.156697273E0,2.609679997E-1,5.698199868E-1,9.883264542E0
8.166716558E0,2.621650994E-1,5.614402890E-1,9.868899345E0
8.176784278E0,2.741360962E-1,5.590460896E-1,9.883264542E0
8.186720695E0,2.813186944E-1,5.674257874E-1,9.879673004E0
8.196689173E0,2.753331959E-1,5.650315881E-1,9.891644478E0
8.206674220E0,2.729389966E-1,5.542576909E-1,9.892841339E0
8.216705185E0,2.717418969E-1,5.602431893E-1,9.877279282E0
8.226689283E0,2.657563984E-1,5.626373887E-1,9.884461403E0
8.236672198E0,2.657563984E-1,5.746083856E-1,9.883264542E0
8.246690444E0,2.705447972E-1,5.710170865E-1,9.883264542E0
8.256678817E0,2.645592988E-1,5.686228871E-1,9.877279282E0
8.266667715E0,2.549824715E-1,5.602431893E-1,9.884461403E0
8.276657337E0,2.645592988E-1,5.626373887E-1,9.891644478E0
8.286659686E0,2.645592988E-1,5.566518903E-1,9.901221275E0
8.296692899E0,2.717418969E-1,5.674257874E-1,9.878476143E0
8.306685102E0,2.669534981E-1,5.674257874E-1,9.880870819E0
8.316675396E0,2.669534981E-1,5.590460896E-1,9.888052940E0
8.326693966E0,2.681505978E-1,5.638344884E-1,9.895236015E0
8.336705039E0,2.729389966E-1,5.590460896E-1,9.891644478E0
8.346686249E0,2.729389966E-1,5.638344884E-1,9.895236015E0
8.356677738E0,2.657563984E-1,5.662286878E-1,9.885659218E0
8.366707214E0,2.729389966E-1,5.674257874E-1,9.880870819E0
8.376717317E0,2.729389966E-1,5.650315881E-1,9.895236015E0
8.386685888E0,2.705447972E-1,5.674257874E-1,9.896432877E0
8.396668558E0,2.585737705E-1,5.650315881E-1,9.891644478E0
8.406668431E0,2.609679997E-1,5.698199868E-1,9.867702484E0
8.416665945E0,2.669534981E-1,5.722141862E-1,9.895236015E0
8.426669144E0,2.657563984E-1,5.602431893E-1,9.906009674E0
8.436662820E0,2.633621991E-1,5.566518903E-1,9.892841339E0
8.446657639E0,2.693476975E-1,5.614402890E-1,9.896432877E0
8.456659741E0,2.777273953E-1,5.554547906E-1,9.879673004E0
8.466666042E0,2.705447972E-1,5.638344884E-1,9.871294022E0
8.476660058E0,2.693476975E-1,5.686228871E-1,9.878476143E0
8.486668700E0,2.717418969E-1,5.638344884E-1,9.902418137E0
8.496665137E0,2.717418969E-1,5.518634915E-1,9.880870819E0
8.506656413E0,2.753331959E-1,5.518634915E-1,9.874884605E0
8.516666051E0,2.729389966E-1,5.686228871E-1,9.879673004E0
8.526658928E0,2.645592988E-1,5.602431893E-1,9.900024414E0
8.536689116E0,2.633621991E-1,5.638344884E-1,9.898826599E0
8.546672114E0,2.609679997E-1,5.638344884E-1,9.891644478E0
8.556661517E0,2.621650994E-1,5.650315881E-1,9.876082420E0
8.566668815E0,2.681505978E-1,5.686228871E-1,9.877279282E0
8.576670483E0,2.717418969E-1,5.722141862E-1,9.891644478E0
8.586663394E0,2.633621991E-1,5.650315881E-1,9.895236015E0
8.596660907E0,2.657563984E-1,5.638344884E-1,9.883264542E0
8.606666740E0,2.657563984E-1,5.482721925E-1,9.880870819E0
8.616668349E0,2.633621991E-1,5.602431893E-1,9.886856079E0
8.626661327E0,2.753331959E-1,5.710170865E-1,9.890447617E0
8.636660066E0,2.729389966E-1,5.674257874E-1,9.901221275E0
8.646659762E0,2.717418969E-1,5.710170865E-1,9.878476143E0
8.656659841E0,2.669534981E-1,5.602431893E-1,9.882067680E0
8.666658323E0,2.693476975E-1,5.578489900E-1,9.883264542E0
8.676669391E0,2.741360962E-1,5.734112859E-1,9.874884605E0
8.686699328E0,2.681505978E-1,5.638344884E-1,9.890447617E0
8.696678605E0,2.573766708E-1,5.614402890E-1,9.892841339E0
8.706664512E0,2.585737705E-1,5.566518903E-1,9.890447617E0
8.716662081E0,2.645592988E-1,5.614402890E-1,9.889249802E0
8.726655539E0,2.645592988E-1,5.650315881E-1,9.897629738E0
8.736668345E0,2.633621991E-1,5.578489900E-1,9.894038200E0
8.746671671E0,2.741360962E-1,5.602431893E-1,9.885659218E0
8.756702584E0,2.681505978E-1,5.554547906E-1,9.879673004E0
8.766684829E0,2.717418969E-1,5.662286878E-1,9.878476143E0
8.776669317E0,2.777273953E-1,5.662286878E-1,9.885659218E0
8.786661964E0,2.693476975E-1,5.614402890E-1,9.901221275E0
8.796656480E0,2.657563984E-1,5.578489900E-1,9.890447617E0
8.806651834E0,2.597708702E-1,5.674257874E-1,9.885659218E0
8.816696838E0,2.609679997E-1,5.638344884E-1,9.894038200E0
8.826677494E0,2.645592988E-1,5.698199868E-1,9.886856079E0
8.836666149E0,2.657563984E-1,5.686228871E-1,9.880870819E0
8.846654015E0,2.621650994E-1,5.698199868E-1,9.897629738E0
8.856658506E0,2.741360962E-1,5.566518903E-1,9.872490883E0
8.866666117E0,2.657563984E-1,5.662286878E-1,9.898826599E0
8.876656903E0,2.717418969E-1,5.626373887E-1,9.890447617E0
8.886657969E0,2.729389966E-1,5.590460896E-1,9.885659218E0
8.896662579E0,2.765302956E-1,5.638344884E-1,9.882067680E0
8.906660845E0,2.729389966E-1,5.650315881E-1,9.901221275E0
8.916657325E0,2.561795712E-1,5.518634915E-1,9.883264542E0
8.926651603E0,2.669534981E-1,5.674257874E-1,9.880870819E0
8.936658973E0,2.657563984E-1,5.722141862E-1,9.898826599E0
8.946664446E0,2.681505978E-1,5.614402890E-1,9.880870819E0
8.956661837E0,2.573766708E-1,5.626373887E-1,9.880870819E0
8.966664955E0,2.561795712E-1,5.566518903E-1,9.892841339E0
8.976660649E0,2.573766708E-1,5.590460896E-1,9.901221275E0
8.986660534E0,2.693476975E-1,5.626373887E-1,9.876082420E0
8.996652996E0,2.657563984E-1,5.602431893E-1,9.885659218E0
9.006649612E0,2.741360962E-1,5.578489900E-1,9.890447617E0
9.016661554E0,2.717418969E-1,5.662286878E-1,9.883264542E0
9.026684679E0,2.753331959E-1,5.554547906E-1,9.888052940E0
9.036663799E0,2.765302956E-1,5.638344884E-1,9.901221275E0
9.046658686E0,2.705447972E-1,5.674257874E-1,9.890447617E0
9.056659534E0,2.669534981E-1,5.626373887E-1,9.889249802E0
9.066656054E0,2.717418969E-1,5.530605912E-1,9.890447617E0
9.076661602E0,2.705447972E-1,5.566518903E-1,9.892841339E0
9.086657338E0,2.681505978E-1,5.638344884E-1,9.895236015E0
9.096679590E0,2.669534981E-1,5.638344884E-1,9.891644478E0
9.106694543E0,2.621650994E-1,5.686228871E-1,9.890447617E0
9.116680943E0,2.621650994E-1,5.638344884E-1,9.883264542E0
9.126684374E0,2.621650994E-1,5.638344884E-1,9.886856079E0
9.136682108E0,2.693476975E-1,5.674257874E-1,9.894038200E0
9.146684898E0,2.633621991E-1,5.638344884E-1,9.898826599E0
9.156674082E0,2.597708702E-1,5.602431893E-1,9.888052940E0
9.166663693E0,2.645592988E-1,5.530605912E-1,9.888052940E0
9.176658095E0,2.717418969E-1,5.626373887E-1,9.884461403E0
9.186732507E0,2.621650994E-1,5.602431893E-1,9.885659218E0
9.196703155E0,2.645592988E-1,5.662286878E-1,9.888052940E0
9.206681114E0,2.789244950E-1,5.554547906E-1,9.884461403E0
9.216670632E0,2.669534981E-1,5.590460896E-1,9.891644478E0
9.226665737E0,2.597708702E-1,5.674257874E-1,9.902418137E0
9.236769463E0,2.633621991E-1,5.650315881E-1,9.896432877E0
9.246709057E0,2.729389966E-1,5.566518903E-1,9.890447617E0
9.256684623E0,2.705447972E-1,5.602431893E-1,9.890447617E0
9.266714540E0,2.753331959E-1,5.638344884E-1,9.900024414E0
9.276967480E0,2.753331959E-1,5.662286878E-1,9.889249802E0
9.286963103E0,2.597708702E-1,5.638344884E-1,9.889249802E0
9.296815992E0,2.753331959E-1,5.710170865E-1,9.883264542E0
9.307242898E0,2.609679997E-1,5.578489900E-1,9.873687744E0
9.316937812E0,2.693476975E-1,5.710170865E-1,9.878476143E0
9.326794019E0,2.657563984E-1,5.710170865E-1,9.906009674E0
9.336721777E0,2.669534981E-1,5.602431893E-1,9.902418137E0
9.346685310E0,2.681505978E-1,5.614402890E-1,9.906009674E0
9.356665730E0,2.741360962E-1,5.674257874E-1,9.886856079E0
9.366697536E0,2.741360962E-1,5.602431893E-1,9.888052940E0
9.376672939E0,2.777273953E-1,5.770025849E-1,9.890447617E0
9.386659352E0,2.633621991E-1,5.674257874E-1,9.897629738E0
9.396644886E0,2.609679997E-1,5.602431893E-1,9.900024414E0
9.406639287E0,2.741360962E-1,5.626373887E-1,9.878476143E0
9.416641372E0,2.669534981E-1,5.614402890E-1,9.880870819E0
9.426637280E0,2.669534981E-1,5.542576909E-1,9.877279282E0
9.436644253E0,2.705447972E-1,5.686228871E-1,9.900024414E0
9.446638951E0,2.597708702E-1,5.554547906E-1,9.910798073E0
