"Time (s)","Gyroscope x (rad/s)","Gyroscope y (rad/s)","Gyroscope z (rad/s)"
-7.561653500E-2,-1.160643995E-3,-1.730788499E-3,-1.221755520E-4
2.936748400E-2,-1.160643995E-3,-1.119922847E-3,-1.221755520E-4
8.685589700E-2,-1.160643995E-3,-1.119922847E-3,-1.221755520E-4
1.206000460E-1,-1.160643995E-3,-1.119922847E-3,-1.221755520E-4
1.424720050E-1,-1.771509647E-3,-1.119922847E-3,4.886901006E-4
1.584129080E-1,-1.160643995E-3,-1.119922847E-3,-1.221755520E-4
1.713820130E-1,-5.497783422E-4,-1.119922847E-3,-7.330412045E-4
1.828657390E-1,-1.160643995E-3,-1.730788499E-3,-7.330412045E-4
1.936068130E-1,-1.771509647E-3,-1.730788499E-3,-1.221755520E-4
2.039774660E-1,-1.160643995E-3,-5.090571940E-4,-1.221755520E-4
2.141655610E-1,-1.771509647E-3,-1.119922847E-3,-1.221755520E-4
2.242564740E-1,-5.497783422E-4,-1.730788499E-3,-1.221755520E-4
2.343086420E-1,-5.497783422E-4,-1.119922847E-3,-1.221755520E-4
2.443324190E-1,-5.497783422E-4,-1.119922847E-3,-7.330412045E-4
2.543409610E-1,-5.497783422E-4,-1.119922847E-3,-7.330412045E-4
2.643478280E-1,-5.497783422E-4,-1.119922847E-3,-1.221755520E-4
2.743513580E-1,-1.160643995E-3,-1.730788499E-3,-7.330412045E-4
2.843509300E-1,-5.497783422E-4,-1.119922847E-3,-1.221755520E-4
2.943299660E-1,-5.497783422E-4,-1.119922847E-3,-7.330412045E-4
3.043416960E-1,-5.497783422E-4,-1.730788499E-3,-1.221755520E-4
3.143426380E-1,-5.497783422E-4,-1.119922847E-3,-1.221755520E-4
3.243427630E-1,-1.160643995E-3,-1.119922847E-3,-7.330412045E-4
3.343455170E-1,-1.160643995E-3,-1.119922847E-3,-1.221755520E-4
3.443293750E-1,-5.497783422E-4,-1.730788499E-3,-1.221755520E-4
3.543388040E-1,6.108731031E-5,-1.119922847E-3,-1.221755520E-4
3.643462300E-1,6.108731031E-5,-5.090571940E-4,-1.221755520E-4
3.743484620E-1,-1.160643995E-3,-5.090571940E-4,-7.330412045E-4
3.843768090E-1,-1.160643995E-3,-1.119922847E-3,4.886901006E-4
3.943429830E-1,-1.160643995E-3,-1.119922847E-3,-1.221755520E-4
4.043463200E-1,-1.160643995E-3,-1.730788499E-3,-1.221755520E-4
4.143745270E-1,-1.160643995E-3,-1.730788499E-3,-7.330412045E-4
4.243727840E-1,-1.160643995E-3,-1.730788499E-3,-7.330412045E-4
4.343588930E-1,-1.160643995E-3,-5.090571940E-4,-7.330412045E-4
4.443400630E-1,-5.497783422E-4,-1.119922847E-3,-1.221755520E-4
4.543455900E-1,-1.160643995E-3,-2.341654152E-3,-7.330412045E-4
4.643476040E-1,-5.497783422E-4,-1.730788499E-3,-1.221755520E-4
4.743417070E-1,-5.497783422E-4,-1.119922847E-3,-1.221755520E-4
4.843243930E-1,-5.497783422E-4,-1.119922847E-3,-1.221755520E-4
4.943146210E-1,-1.160643995E-3,-1.730788499E-3,-1.221755520E-4
5.043427160E-1,-5.497783422E-4,-1.730788499E-3,-1.221755520E-4
5.143580320E-1,-5.497783422E-4,-1.730788499E-3,-1.221755520E-4
5.243762290E-1,-5.497783422E-4,-1.730788499E-3,-7.330412045E-4
5.343475580E-1,-5.497783422E-4,-1.119922847E-3,-7.330412045E-4
5.443384920E-1,6.108731031E-5,-1.730788499E-3,-7.330412045E-4
5.543305930E-1,6.108731031E-5,-1.119922847E-3,-7.330412045E-4
5.643264710E-1,-5.497783422E-4,-1.730788499E-3,-7.330412045E-4
5.770051210E-1,-1.771509647E-3,-1.119922847E-3,-1.221755520E-4
5.943524640E-1,-1.160643995E-3,-5.090571940E-4,-1.221755520E-4
6.043322340E-1,-1.160643995E-3,-1.730788499E-3,-7.330412045E-4
6.143613110E-1,-5.497783422E-4,-1.730788499E-3,-1.221755520E-4
6.243058490E-1,6.108731031E-5,-1.730788499E-3,-7.330412045E-4
6.343529640E-1,-5.497783422E-4,-5.090571940E-4,-1.221755520E-4
6.443354260E-1,6.108731031E-5,1.018084586E-4,-1.221755520E-4
6.543543490E-1,-1.160643995E-3,-1.119922847E-3,-1.221755520E-4
6.643018110E-1,-1.160643995E-3,-1.730788499E-3,-1.221755520E-4
6.743008110E-1,-1.160643995E-3,-1.730788499E-3,-7.330412045E-4
6.843168110E-1,-1.160643995E-3,-1.119922847E-3,-1.221755520E-4
6.943028110E-1,-5.497783422E-4,-1.730788499E-3,-7.330412045E-4
7.043136570E-1,6.108731031E-5,-1.730788499E-3,-1.343905926E-3
7.143009260E-1,6.108731031E-5,-1.119922847E-3,-7.330412045E-4
7.243176180E-1,6.108731031E-5,-1.119922847E-3,-7.330412045E-4
7.343225410E-1,-1.160643995E-3,-5.090571940E-4,-1.221755520E-4
7.443295800E-1,-1.771509647E-3,-1.730788499E-3,-1.221755520E-4
7.543266180E-1,-1.160643995E-3,-1.730788499E-3,-1.221755520E-4
7.643104640E-1,6.108731031E-5,-5.090571940E-4,-7.330412045E-4
7.743585800E-1,-1.160643995E-3,-1.119922847E-3,-7.330412045E-4
7.843921950E-1,6.108731031E-5,-1.119922847E-3,-1.221755520E-4
7.943171950E-1,6.108731031E-5,-1.119922847E-3,-7.330412045E-4
8.043232720E-1,-5.497783422E-4,-1.119922847E-3,-1.221755520E-4
8.144161570E-1,-5.497783422E-4,-1.119922847E-3,-7.330412045E-4
8.243088870E-1,6.108731031E-5,-1.119922847E-3,-7.330412045E-4
8.343315030E-1,-5.497783422E-4,-1.119922847E-3,-7.330412045E-4
8.443583490E-1,-1.160643995E-3,-1.730788499E-3,-1.221755520E-4
8.543588100E-1,-5.497783422E-4,-1.730788499E-3,-1.221755520E-4
8.643588490E-1,-5.497783422E-4,-1.119922847E-3,-1.221755520E-4
8.743768100E-1,6.108731031E-5,-1.730788499E-3,-7.330412045E-4
8.843765410E-1,-1.160643995E-3,-1.730788499E-3,-1.221755520E-4
8.943585030E-1,-5.497783422E-4,-1.730788499E-3,-7.330412045E-4
9.043833100E-1,6.108731031E-5,-5.090571940E-4,-1.221755520E-4
9.143150800E-1,-5.497783422E-4,-1.119922847E-3,-1.221755520E-4
9.243183100E-1,-1.160643995E-3,-1.730788499E-3,-1.221755520E-4
9.343321180E-1,-5.497783422E-4,-1.119922847E-3,-1.221755520E-4
9.443196180E-1,6.108731031E-5,-1.119922847E-3,-7.330412045E-4
9.544099640E-1,-5.497783422E-4,-5.090571940E-4,-7.330412045E-4
9.643648870E-1,-1.160643995E-3,-1.119922847E-3,-7.330412045E-4
9.743726950E-1,-5.497783422E-4,-1.119922847E-3,-7.330412045E-4
9.843409640E-1,-1.160643995E-3,-1.730788499E-3,-7.330412045E-4
9.943656180E-1,-1.160643995E-3,-2.341654152E-3,-1.221755520E-4
1.004335772E0,-5.497783422E-4,-1.730788499E-3,-7.330412045E-4
1.014320233E0,-1.160643995E-3,-1.730788499E-3,-1.221755520E-4
1.024377041E0,-1.160643995E-3,-1.730788499E-3,-1.221755520E-4
1.034340656E0,6.108731031E-5,-1.119922847E-3,-7.330412045E-4
1.044368349E0,6.108731031E-5,-1.730788499E-3,-1.343905926E-3
1.054372349E0,-5.497783422E-4,-1.119922847E-3,-1.221755520E-4
1.064370464E0,-5.497783422E-4,-1.730788499E-3,-1.221755520E-4
1.074318272E0,-5.497783422E-4,-1.730788499E-3,4.886901006E-4
1.084373926E0,-1.160643995E-3,-1.119922847E-3,-7.330412045E-4
1.094398041E0,-1.160643995E-3,-1.119922847E-3,-7.330412045E-4
1.104394695E0,-1.160643995E-3,-1.119922847E-3,-1.221755520E-4
1.114382233E0,-1.160643995E-3,-1.730788499E-3,-7.330412045E-4
1.124368464E0,6.108731031E-5,-1.119922847E-3,-1.343905926E-3
1.134348810E0,-5.497783422E-4,-1.119922847E-3,-7.330412045E-4
1.144372733E0,-1.160643995E-3,-1.730788499E-3,-1.221755520E-4
1.154400233E0,-5.497783422E-4,-1.730788499E-3,-1.221755520E-4
1.164382156E0,-6.902609020E-4,-7.330067456E-4,-4.276074469E-4
1.174383387E0,-6.902609020E-4,-1.221410930E-4,-4.276074469E-4
1.184393618E0,-7.939524949E-5,-1.221410930E-4,-4.276074469E-4
1.194320426E0,-6.902609020E-4,-7.330067456E-4,1.832582057E-4
1.204376272E0,-7.939524949E-5,-1.221410930E-4,7.941238582E-4
1.214324810E0,-7.939524949E-5,-1.221410930E-4,1.832582057E-4
1.224334118E0,5.314704031E-4,-7.330067456E-4,-4.276074469E-4
1.234355810E0,5.314704031E-4,-1.221410930E-4,-4.276074469E-4
1.244376002E0,-6.902609020E-4,-7.330067456E-4,-1.038472168E-3
1.254372964E0,-6.902609020E-4,-7.330067456E-4,-4.276074469E-4
1.264368349E0,-7.939524949E-5,4.887245595E-4,-4.276074469E-4
1.274380964E0,5.314704031E-4,-1.221410930E-4,1.832582057E-4
1.284383310E0,-7.939524949E-5,-7.330067456E-4,-4.276074469E-4
1.294393349E0,-7.939524949E-5,4.887245595E-4,-1.038472168E-3
1.304389849E0,-7.939524949E-5,4.887245595E-4,1.832582057E-4
1.314319041E0,-6.902609020E-4,-1.221410930E-4,-4.276074469E-4
1.324428502E0,-7.939524949E-5,-7.330067456E-4,-4.276074469E-4
1.334328464E0,-7.939524949E-5,-1.221410930E-4,-4.276074469E-4
1.344368041E0,5.314704031E-4,4.887245595E-4,-4.276074469E-4
1.354398656E0,5.314704031E-4,-1.221410930E-4,1.832582057E-4
1.364330541E0,-7.939524949E-5,4.887245595E-4,-4.276074469E-4
1.374379656E0,-6.902609020E-4,-7.330067456E-4,1.832582057E-4
1.384393041E0,-6.902609020E-4,-1.343872398E-3,1.832582057E-4
1.394321002E0,-7.939524949E-5,-7.330067456E-4,1.832582057E-4
1.404341349E0,-7.939524949E-5,-1.221410930E-4,-4.276074469E-4
1.414372849E0,-7.939524949E-5,-1.221410930E-4,1.832582057E-4
1.424376464E0,-6.902609020E-4,-7.330067456E-4,-4.276074469E-4
1.434394810E0,-6.902609020E-4,-1.343872398E-3,-4.276074469E-4
1.444323118E0,5.314704031E-4,4.887245595E-4,-1.038472168E-3
1.454336425E0,-7.939524949E-5,4.887245595E-4,-4.276074469E-4
1.464319733E0,-7.939524949E-5,4.887245595E-4,-4.276074469E-4
1.474330464E0,-6.902609020E-4,-7.330067456E-4,1.832582057E-4
1.484336964E0,-6.902609020E-4,-1.343872398E-3,-1.038472168E-3
1.494342733E0,-7.939524949E-5,-7.330067456E-4,1.832582057E-4
1.504321656E0,-7.939524949E-5,-1.221410930E-4,-4.276074469E-4
1.514384002E0,-7.939524949E-5,-7.330067456E-4,-4.276074469E-4
1.524442964E0,5.314704031E-4,-1.221410930E-4,-4.276074469E-4
1.534386810E0,5.314704031E-4,-1.221410930E-4,1.832582057E-4
1.544375041E0,-6.902609020E-4,-1.221410930E-4,1.832582057E-4
1.554360118E0,-6.902609020E-4,-1.221410930E-4,-4.276074469E-4
1.564394810E0,-7.939524949E-5,-1.221410930E-4,1.832582057E-4
1.574332656E0,-7.939524949E-5,-7.330067456E-4,1.832582057E-4
1.584395925E0,-1.301126555E-3,-1.221410930E-4,-4.276074469E-4
1.594440041E0,-6.902609020E-4,-7.330067456E-4,1.832582057E-4
1.604342579E0,-7.939524949E-5,-1.221410930E-4,-4.276074469E-4
1.614372233E0,-7.939524949E-5,-1.343872398E-3,-4.276074469E-4
1.624328310E0,-7.939524949E-5,-7.330067456E-4,-1.038472168E-3
1.634350887E0,-7.939524949E-5,-1.221410930E-4,-4.276074469E-4
1.644378079E0,-1.301126555E-3,-7.330067456E-4,1.832582057E-4
1.654376233E0,-6.902609020E-4,-1.221410930E-4,1.832582057E-4
1.664363887E0,-7.939524949E-5,-1.221410930E-4,1.832582057E-4
1.674563156E0,-7.939524949E-5,-7.330067456E-4,-4.276074469E-4
1.684338541E0,-7.939524949E-5,-1.221410930E-4,1.832582057E-4
1.694368079E0,-7.939524949E-5,-1.221410930E-4,1.832582057E-4
1.704376618E0,-6.902609020E-4,-1.221410930E-4,-4.276074469E-4
1.714374541E0,-6.902609020E-4,-7.330067456E-4,1.832582057E-4
1.724333502E0,-7.939524949E-5,-1.221410930E-4,-4.276074469E-4
1.734379002E0,-7.939524949E-5,-7.330067456E-4,-4.276074469E-4
1.744390502E0,-7.939524949E-5,-1.221410930E-4,1.832582057E-4
1.754348194E0,-7.939524949E-5,-7.330067456E-4,-4.276074469E-4
1.764321964E0,-6.902609020E-4,-7.330067456E-4,1.832582057E-4
1.774425848E0,-6.902609020E-4,-7.330067456E-4,-4.276074469E-4
1.784343117E0,-6.902609020E-4,-1.343872398E-3,-4.276074469E-4
1.794408541E0,-7.939524949E-5,-7.330067456E-4,-4.276074469E-4
1.804334387E0,-7.939524949E-5,-1.221410930E-4,-4.276074469E-4
1.814370694E0,-6.902609020E-4,-1.221410930E-4,1.832582057E-4
1.824369925E0,-6.902609020E-4,-7.330067456E-4,1.832582057E-4
1.834364310E0,-6.902609020E-4,-7.330067456E-4,7.941238582E-4
1.844332887E0,-7.939524949E-5,-1.221410930E-4,-4.276074469E-4
1.854376694E0,-6.902609020E-4,-7.330067456E-4,-4.276074469E-4
1.864376925E0,-6.902609020E-4,-7.330067456E-4,1.832582057E-4
1.874388002E0,-7.939524949E-5,-7.330067456E-4,-4.276074469E-4
1.884326271E0,-6.902609020E-4,-1.221410930E-4,-4.276074469E-4
1.894321771E0,5.314704031E-4,4.887245595E-4,-4.276074469E-4
1.904383887E0,-7.939524949E-5,-1.221410930E-4,1.832582057E-4
1.914336617E0,-7.939524949E-5,4.887245595E-4,1.832582057E-4
1.924399425E0,-7.939524949E-5,1.099590212E-3,-1.038472168E-3
1.934379656E0,5.314704031E-4,4.887245595E-4,1.832582057E-4
1.944329771E0,-1.301126555E-3,-1.221410930E-4,1.832582057E-4
1.954355310E0,-6.902609020E-4,-7.330067456E-4,-4.276074469E-4
1.964320425E0,-1.301126555E-3,-7.330067456E-4,1.832582057E-4
1.974343694E0,-6.902609020E-4,-7.330067456E-4,1.832582057E-4
1.984385194E0,-6.902609020E-4,-1.221410930E-4,1.832582057E-4
1.994325002E0,-7.939524949E-5,-1.221410930E-4,1.832582057E-4
2.004328117E0,-6.902609020E-4,-7.330067456E-4,7.941238582E-4
2.014368002E0,-6.902609020E-4,-7.330067456E-4,1.832582057E-4
2.024370887E0,5.314704031E-4,-1.221410930E-4,-4.276074469E-4
2.034375463E0,-6.902609020E-4,-1.221410930E-4,1.832582057E-4
2.044388925E0,-6.902609020E-4,-1.221410930E-4,-4.276074469E-4
2.054318040E0,-7.939524949E-5,-1.221410930E-4,1.832582057E-4
2.064373848E0,5.314704031E-4,-1.221410930E-4,-4.276074469E-4
2.074375463E0,-7.939524949E-5,-1.221410930E-4,1.832582057E-4
2.084386617E0,-7.939524949E-5,-1.221410930E-4,1.832582057E-4
2.094402386E0,-6.902609020E-4,-1.221410930E-4,-4.276074469E-4
2.104396079E0,-6.902609020E-4,-1.343872398E-3,-4.276074469E-4
2.114384540E0,-7.939524949E-5,-7.330067456E-4,1.832582057E-4
2.124323733E0,-7.939524949E-5,-1.221410930E-4,-4.276074469E-4
2.134324233E0,5.314704031E-4,-7.330067456E-4,-4.276074469E-4
2.144370425E0,-7.939524949E-5,-7.330067456E-4,1.832582057E-4
2.154343848E0,-7.939524949E-5,-7.330067456E-4,1.832582057E-4
2.164387963E0,5.314704031E-4,-1.221410930E-4,-4.276074469E-4
2.174400463E0,-7.939524949E-5,-1.221410930E-4,1.832582057E-4
2.184382502E0,-7.939524949E-5,-1.221410930E-4,1.832582057E-4
2.194350656E0,-7.939524949E-5,-7.330067456E-4,1.832582057E-4
2.204383156E0,5.314704031E-4,-7.330067456E-4,1.832582057E-4
2.214370002E0,-9.772740304E-5,-1.038238406E-4,-9.651686996E-4
2.224368233E0,-9.772740304E-5,-1.038238406E-4,2.565616742E-4
2.234400694E0,-9.772740304E-5,-1.038238406E-4,-3.543039784E-4
2.244324425E0,5.131382495E-4,-1.038238406E-4,2.565616742E-4
2.254322694E0,-7.085930556E-4,-1.038238406E-4,2.565616742E-4
2.264401656E0,5.131382495E-4,-1.038238406E-4,-3.543039784E-4
2.274329694E0,-9.772740304E-5,-1.038238406E-4,2.565616742E-4
2.284329425E0,-9.772740304E-5,5.070418119E-4,-3.543039784E-4
2.294321656E0,-7.085930556E-4,-1.038238406E-4,2.565616742E-4
2.304327309E0,-9.772740304E-5,-7.146894932E-4,2.565616742E-4
2.314319694E0,-9.772740304E-5,-1.038238406E-4,8.674273267E-4
2.324332194E0,-7.085930556E-4,5.070418119E-4,-3.543039784E-4
2.334322809E0,-7.085930556E-4,-1.038238406E-4,2.565616742E-4
2.344395156E0,-9.772740304E-5,-1.038238406E-4,8.674273267E-4
2.354388309E0,-9.772740304E-5,-1.038238406E-4,2.565616742E-4
2.364332309E0,-9.772740304E-5,-1.038238406E-4,-3.543039784E-4
2.374340502E0,-9.772740304E-5,-7.146894932E-4,2.565616742E-4
2.384326809E0,-9.772740304E-5,5.070418119E-4,-3.543039784E-4
2.394318963E0,-9.772740304E-5,-1.038238406E-4,-3.543039784E-4
2.404387732E0,-7.085930556E-4,5.070418119E-4,-3.543039784E-4
2.414337771E0,-9.772740304E-5,-1.038238406E-4,2.565616742E-4
2.424332848E0,-1.319458708E-3,-1.038238406E-4,2.565616742E-4
2.434373963E0,-1.319458708E-3,-1.038238406E-4,2.565616742E-4
2.444325386E0,-9.772740304E-5,-1.038238406E-4,-3.543039784E-4
2.454341271E0,-9.772740304E-5,5.070418119E-4,-9.651686996E-4
2.464324425E0,-9.772740304E-5,-1.038238406E-4,-3.543039784E-4
2.474326155E0,-7.085930556E-4,-1.038238406E-4,-3.543039784E-4
2.484359732E0,-7.085930556E-4,5.070418119E-4,-3.543039784E-4
2.494325309E0,-9.772740304E-5,5.070418119E-4,2.565616742E-4
2.504327732E0,-7.085930556E-4,-7.146894932E-4,2.565616742E-4
2.514324155E0,-9.772740304E-5,-7.146894932E-4,2.565616742E-4
2.524386540E0,-9.772740304E-5,-7.146894932E-4,2.565616742E-4
2.534318155E0,-9.772740304E-5,-1.038238406E-4,-3.543039784E-4
2.544326886E0,-7.085930556E-4,-1.038238406E-4,-3.543039784E-4
2.554410155E0,-7.085930556E-4,5.070418119E-4,8.674273267E-4
2.564331040E0,-7.085930556E-4,-7.146894932E-4,2.565616742E-4
2.574340655E0,-7.085930556E-4,-7.146894932E-4,-3.543039784E-4
2.584323309E0,5.131382495E-4,-1.038238406E-4,-3.543039784E-4
2.594328617E0,-9.772740304E-5,-1.038238406E-4,2.565616742E-4
2.604387617E0,-9.772740304E-5,-1.038238406E-4,2.565616742E-4
2.614325386E0,5.131382495E-4,5.070418119E-4,2.565616742E-4
2.624398194E0,-9.772740304E-5,5.070418119E-4,2.565616742E-4
2.634373078E0,-9.772740304E-5,-1.038238406E-4,-3.543039784E-4
2.644325963E0,5.131382495E-4,-1.038238406E-4,2.565616742E-4
2.654335194E0,-7.085930556E-4,-1.038238406E-4,8.674273267E-4
2.664327963E0,-7.085930556E-4,-1.038238406E-4,-3.543039784E-4
2.674322463E0,-7.085930556E-4,-1.038238406E-4,-9.651686996E-4
2.684372078E0,-7.085930556E-4,-7.146894932E-4,-3.543039784E-4
2.694370925E0,-9.772740304E-5,-1.038238406E-4,-3.543039784E-4
2.704324425E0,-7.085930556E-4,-7.146894932E-4,-3.543039784E-4
2.714326732E0,-9.772740304E-5,-1.038238406E-4,-3.543039784E-4
2.724330386E0,-9.772740304E-5,-1.038238406E-4,-3.543039784E-4
2.734665463E0,-9.772740304E-5,-1.038238406E-4,-9.651686996E-4
2.744336617E0,-9.772740304E-5,-1.038238406E-4,-9.651686996E-4
2.754492809E0,-7.085930556E-4,-1.038238406E-4,2.565616742E-4
2.764385732E0,-7.085930556E-4,-7.146894932E-4,2.565616742E-4
2.774321732E0,-1.319458708E-3,-7.146894932E-4,-3.543039784E-4
2.784373078E0,-9.772740304E-5,-1.038238406E-4,2.565616742E-4
2.794374232E0,-9.772740304E-5,-1.038238406E-4,2.565616742E-4
2.804399732E0,-9.772740304E-5,-1.038238406E-4,-3.543039784E-4
2.814337655E0,-7.085930556E-4,-1.038238406E-4,-3.543039784E-4
2.824331924E0,-9.772740304E-5,5.070418119E-4,2.565616742E-4
2.834418386E0,-7.085930556E-4,-1.038238406E-4,-9.651686996E-4
2.844328194E0,-9.772740304E-5,5.070418119E-4,-9.651686996E-4
2.854387886E0,5.131382495E-4,5.070418119E-4,-3.543039784E-4
2.864371040E0,-7.085930556E-4,5.070418119E-4,2.565616742E-4
2.874379617E0,-9.772740304E-5,5.070418119E-4,2.565616742E-4
2.884544117E0,-7.085930556E-4,-1.038238406E-4,-3.543039784E-4
2.894340078E0,-9.772740304E-5,-7.146894932E-4,2.565616742E-4
2.904327078E0,-7.085930556E-4,5.070418119E-4,-3.543039784E-4
2.914358078E0,-1.319458708E-3,-7.146894932E-4,-9.651686996E-4
2.924336540E0,-1.319458708E-3,-7.146894932E-4,2.565616742E-4
2.934369732E0,-9.772740304E-5,-1.325555146E-3,2.565616742E-4
2.944349271E0,-9.772740304E-5,-1.038238406E-4,2.565616742E-4
2.954357924E0,-9.772740304E-5,-1.038238406E-4,-3.543039784E-4
2.964308578E0,5.131382495E-4,5.070418119E-4,2.565616742E-4
2.974332001E0,5.131382495E-4,-1.038238406E-4,2.565616742E-4
2.984341963E0,-7.085930556E-4,-1.038238406E-4,-3.543039784E-4
2.994343540E0,-9.772740304E-5,-1.038238406E-4,-3.543039784E-4
3.004306001E0,-7.085930556E-4,-1.038238406E-4,2.565616742E-4
3.014341040E0,-7.085930556E-4,-1.038238406E-4,-3.543039784E-4
3.024299270E0,-9.772740304E-5,5.070418119E-4,-3.543039784E-4
3.034340309E0,5.131382495E-4,-7.146894932E-4,2.565616742E-4
3.044302694E0,-7.085930556E-4,-7.146894932E-4,2.565616742E-4
3.054335463E0,-9.772740304E-5,-7.146894932E-4,-3.543039784E-4
3.064335963E0,-7.085930556E-4,-1.038238406E-4,2.565616742E-4
3.074334847E0,5.131382495E-4,5.070418119E-4,8.674273267E-4
3.084335963E0,-9.772740304E-5,-7.146894932E-4,-3.543039784E-4
3.094303309E0,-7.085930556E-4,-1.038238406E-4,-3.543039784E-4
3.104374424E0,-1.319458708E-3,5.070418119E-4,-3.543039784E-4
3.114361347E0,-7.085930556E-4,5.070418119E-4,2.565616742E-4
3.124317924E0,-1.319458708E-3,-1.038238406E-4,2.565616742E-4
3.134368847E0,-7.085930556E-4,-7.146894932E-4,2.565616742E-4
3.144371655E0,-7.085930556E-4,-7.146894932E-4,2.565616742E-4
3.154327732E0,-7.085930556E-4,-7.146894932E-4,2.565616742E-4
3.164363116E0,-9.772740304E-5,-1.038238406E-4,2.565616742E-4
3.174382116E0,-9.772740304E-5,-1.038238406E-4,-3.543039784E-4
3.184320770E0,-9.772740304E-5,-7.146894932E-4,-3.543039784E-4
3.194326578E0,-7.085930556E-4,-1.038238406E-4,-3.543039784E-4
3.204392193E0,-9.772740304E-5,-7.146894932E-4,-3.543039784E-4
3.214331116E0,5.131382495E-4,-7.146894932E-4,2.565616742E-4
3.224377463E0,-9.772740304E-5,-1.038238406E-4,2.565616742E-4
3.234376347E0,-9.772740304E-5,-1.038238406E-4,2.565616742E-4
3.244377386E0,-1.319458708E-3,-7.146894932E-4,2.565616742E-4
3.254393078E0,-7.085930556E-4,-7.146894932E-4,-3.543039784E-4
3.264327770E0,-6.108507514E-4,-8.918419480E-4,-9.957123548E-4
3.274383809E0,1.490116119E-8,-2.809762955E-4,-3.848476335E-4
3.284323078E0,-6.108507514E-4,3.298893571E-4,-3.848476335E-4
3.294321886E0,-6.108507514E-4,-2.809762955E-4,-3.848476335E-4
3.304353347E0,-6.108507514E-4,-1.502707601E-3,2.260180190E-4
3.314373078E0,1.490116119E-8,-1.502707601E-3,-3.848476335E-4
3.324372001E0,-6.108507514E-4,-2.809762955E-4,-3.848476335E-4
3.334369001E0,-6.108507514E-4,-2.809762955E-4,2.260180190E-4
3.344342539E0,6.108805537E-4,3.298893571E-4,-3.848476335E-4
3.354329116E0,6.108805537E-4,-8.918419480E-4,-3.848476335E-4
3.364388193E0,6.108805537E-4,-8.918419480E-4,-3.848476335E-4
3.374343155E0,1.490116119E-8,3.298893571E-4,2.260180190E-4
3.384391578E0,1.490116119E-8,3.298893571E-4,2.260180190E-4
3.394329847E0,-6.108507514E-4,-8.918419480E-4,2.260180190E-4
3.404361886E0,-6.108507514E-4,-8.918419480E-4,-3.848476335E-4
3.414318309E0,-6.108507514E-4,-8.918419480E-4,-3.848476335E-4
3.424324847E0,-6.108507514E-4,-2.809762955E-4,-3.848476335E-4
3.434316962E0,-6.108507514E-4,-8.918419480E-4,2.260180190E-4
3.444323193E0,6.108805537E-4,-8.918419480E-4,2.260180190E-4
3.454338039E0,1.490116119E-8,-8.918419480E-4,8.368836716E-4
3.464318539E0,1.490116119E-8,-2.809762955E-4,2.260180190E-4
3.474333655E0,1.490116119E-8,-2.809762955E-4,2.260180190E-4
3.484325039E0,6.108805537E-4,-2.809762955E-4,-3.848476335E-4
3.494337655E0,6.108805537E-4,-2.809762955E-4,-3.848476335E-4
3.504384578E0,1.490116119E-8,-8.918419480E-4,-3.848476335E-4
3.514370501E0,-6.108507514E-4,-2.809762955E-4,2.260180190E-4
3.524371001E0,1.490116119E-8,-2.809762955E-4,2.260180190E-4
3.534318309E0,-6.108507514E-4,-8.918419480E-4,-3.848476335E-4
3.544450809E0,-6.108507514E-4,-1.502707601E-3,8.368836716E-4
3.554383770E0,6.108805537E-4,-8.918419480E-4,2.260180190E-4
3.564370309E0,1.490116119E-8,-1.502707601E-3,-9.957123548E-4
3.574323616E0,-6.108507514E-4,-8.918419480E-4,-3.848476335E-4
3.584298578E0,1.490116119E-8,3.298893571E-4,2.260180190E-4
3.594334578E0,6.108805537E-4,-2.809762955E-4,-3.848476335E-4
3.604335039E0,-6.108507514E-4,-8.918419480E-4,-3.848476335E-4
3.614332847E0,-6.108507514E-4,-8.918419480E-4,2.260180190E-4
3.624812385E0,-6.108507514E-4,-2.809762955E-4,2.260180190E-4
3.634331462E0,-6.108507514E-4,-8.918419480E-4,-3.848476335E-4
3.644300078E0,-6.108507514E-4,-1.502707601E-3,2.260180190E-4
3.654350385E0,1.490116119E-8,-8.918419480E-4,-3.848476335E-4
3.664300308E0,-6.108507514E-4,-8.918419480E-4,2.260180190E-4
3.674304155E0,-6.108507514E-4,-2.809762955E-4,-3.848476335E-4
3.684379270E0,6.108805537E-4,-2.809762955E-4,-3.848476335E-4
3.694440732E0,1.490116119E-8,-8.918419480E-4,2.260180190E-4
3.704389424E0,1.490116119E-8,-2.809762955E-4,2.260180190E-4
3.714328808E0,1.490116119E-8,-2.809762955E-4,-3.848476335E-4
3.724375770E0,6.108805537E-4,3.298893571E-4,-3.848476335E-4
3.734379001E0,-6.108507514E-4,-2.809762955E-4,-3.848476335E-4
3.744324462E0,1.490116119E-8,-8.918419480E-4,2.260180190E-4
3.754351078E0,1.490116119E-8,3.298893571E-4,2.260180190E-4
3.764314731E0,1.490116119E-8,-2.809762955E-4,-3.848476335E-4
3.774359808E0,-6.108507514E-4,-2.809762955E-4,-3.848476335E-4
3.784330039E0,1.490116119E-8,-2.809762955E-4,-3.848476335E-4
3.794344731E0,-6.108507514E-4,3.298893571E-4,-3.848476335E-4
3.804381616E0,6.108805537E-4,3.298893571E-4,2.260180190E-4
3.814318001E0,6.108805537E-4,3.298893571E-4,-3.848476335E-4
3.824335308E0,1.490116119E-8,-2.809762955E-4,-3.848476335E-4
3.834315693E0,1.490116119E-8,-8.918419480E-4,-3.848476335E-4
3.844363654E0,1.490116119E-8,-8.918419480E-4,-3.848476335E-4
3.854389616E0,1.490116119E-8,-2.809762955E-4,-3.848476335E-4
3.864330039E0,6.108805537E-4,-2.809762955E-4,-3.848476335E-4
3.874373039E0,1.490116119E-8,-8.918419480E-4,2.260180190E-4
3.884360001E0,-6.108507514E-4,-8.918419480E-4,2.260180190E-4
3.894379924E0,1.490116119E-8,-2.809762955E-4,2.260180190E-4
3.904396231E0,-6.108507514E-4,3.298893571E-4,-3.848476335E-4
3.914329885E0,1.490116119E-8,-2.809762955E-4,-3.848476335E-4
3.924322808E0,1.490116119E-8,-2.809762955E-4,-3.848476335E-4
3.934369001E0,6.108805537E-4,-8.918419480E-4,8.368836716E-4
3.944325347E0,1.490116119E-8,3.298893571E-4,2.260180190E-4
3.954388193E0,-6.108507514E-4,-8.918419480E-4,-3.848476335E-4
3.964346808E0,1.490116119E-8,-8.918419480E-4,2.260180190E-4
3.974328501E0,1.490116119E-8,-2.809762955E-4,-3.848476335E-4
3.984318847E0,1.490116119E-8,-2.809762955E-4,-3.848476335E-4
3.994340501E0,1.490116119E-8,-2.809762955E-4,-3.848476335E-4
4.004338731E0,-6.108507514E-4,3.298893571E-4,2.260180190E-4
4.014319885E0,1.490116119E-8,-2.809762955E-4,-3.848476335E-4
4.024343962E0,-6.108507514E-4,-8.918419480E-4,2.260180190E-4
4.034316924E0,-1.221716404E-3,-2.809762955E-4,2.260180190E-4
4.044357231E0,-6.108507514E-4,-2.809762955E-4,2.260180190E-4
4.054349231E0,1.490116119E-8,-2.809762955E-4,-3.848476335E-4
4.064377654E0,1.490116119E-8,3.298893571E-4,-3.848476335E-4
4.074324962E0,-1.221716404E-3,-2.809762955E-4,-3.848476335E-4
4.084369270E0,1.490116119E-8,-8.918419480E-4,-3.848476335E-4
4.094366847E0,1.490116119E-8,-8.918419480E-4,-3.848476335E-4
4.104405385E0,1.490116119E-8,-2.809762955E-4,2.260180190E-4
4.114385924E0,1.490116119E-8,-2.809762955E-4,8.368836716E-4
4.124335462E0,1.490116119E-8,-8.918419480E-4,2.260180190E-4
4.134381500E0,1.490116119E-8,-2.809762955E-4,2.260180190E-4
4.144381962E0,-6.108507514E-4,3.298893571E-4,2.260180190E-4
4.154494347E0,-6.108507514E-4,-2.809762955E-4,-3.848476335E-4
4.164327039E0,-6.108507514E-4,-8.918419480E-4,-3.848476335E-4
4.174326347E0,-6.108507514E-4,-8.918419480E-4,-3.848476335E-4
4.184342616E0,1.490116119E-8,-8.918419480E-4,-3.848476335E-4
4.194327308E0,-6.108507514E-4,-2.809762955E-4,2.260180190E-4
4.204378347E0,1.490116119E-8,-2.809762955E-4,2.260180190E-4
4.214426731E0,-6.108507514E-4,-8.918419480E-4,2.260180190E-4
4.224378462E0,-1.221716404E-3,-2.809762955E-4,2.260180190E-4
4.234367116E0,-6.108507514E-4,-2.809762955E-4,2.260180190E-4
4.244320500E0,-6.108507514E-4,-8.918419480E-4,2.260180190E-4
4.254385077E0,1.490116119E-8,-8.918419480E-4,-3.848476335E-4
4.264329423E0,1.490116119E-8,-8.918419480E-4,-3.848476335E-4
4.274332308E0,-6.108507514E-4,-8.918419480E-4,8.368836716E-4
4.284360270E0,-6.108507514E-4,-2.809762955E-4,-3.848476335E-4
4.294363539E0,-1.221716404E-3,-2.809762955E-4,-3.848476335E-4
4.304377039E0,-6.108507514E-4,-2.809762955E-4,2.260180190E-4
4.314327077E0,-6.106495857E-5,-1.343637705E-4,2.076933160E-4
4.324323923E0,-1.282796264E-3,-1.343637705E-4,2.076933160E-4
4.334373385E0,-6.106495857E-5,-7.452294230E-4,-4.031723365E-4
4.344326308E0,-6.106495857E-5,-1.343637705E-4,2.076933160E-4
4.354430039E0,-6.106495857E-5,-1.343637705E-4,2.076933160E-4
4.364349885E0,-6.106495857E-5,-1.343637705E-4,-4.031723365E-4
4.374323846E0,-6.106495857E-5,4.765018821E-4,2.076933160E-4
4.384317577E0,-6.719306111E-4,-7.452294230E-4,-4.031723365E-4
4.394329885E0,-6.106495857E-5,-1.343637705E-4,-4.031723365E-4
4.404339500E0,-6.106495857E-5,-7.452294230E-4,-4.031723365E-4
4.414395000E0,-6.106495857E-5,-7.452294230E-4,2.076933160E-4
4.424335462E0,-6.106495857E-5,-1.343637705E-4,2.076933160E-4
4.434325577E0,-6.106495857E-5,-7.452294230E-4,-4.031723365E-4
4.444352193E0,5.498006940E-4,-1.343637705E-4,-4.031723365E-4
4.454333577E0,-6.719306111E-4,4.765018821E-4,2.076933160E-4
4.464317385E0,-6.719306111E-4,-7.452294230E-4,-4.031723365E-4
4.474376654E0,-6.106495857E-5,-7.452294230E-4,-1.014037058E-3
4.484325039E0,-6.106495857E-5,-7.452294230E-4,-1.014037058E-3
4.494323385E0,-6.719306111E-4,-1.343637705E-4,-4.031723365E-4
4.504355769E0,-6.719306111E-4,-1.343637705E-4,-4.031723365E-4
4.514323154E0,-6.719306111E-4,-1.343637705E-4,-4.031723365E-4
4.524376885E0,-6.106495857E-5,-1.343637705E-4,2.076933160E-4
4.534324077E0,-6.106495857E-5,4.765018821E-4,8.185589686E-4
4.544336462E0,5.498006940E-4,-1.343637705E-4,-4.031723365E-4
4.554359000E0,-6.106495857E-5,-1.343637705E-4,-4.031723365E-4
4.564343077E0,-6.106495857E-5,-1.343637705E-4,-4.031723365E-4
4.574331308E0,-6.106495857E-5,-1.343637705E-4,-4.031723365E-4
4.584387692E0,-6.106495857E-5,-1.343637705E-4,2.076933160E-4
4.594330269E0,-6.719306111E-4,-1.343637705E-4,-4.031723365E-4
4.604325962E0,-1.282796264E-3,-1.343637705E-4,-4.031723365E-4
4.614341192E0,-6.719306111E-4,-1.343637705E-4,-4.031723365E-4
4.624332615E0,-6.106495857E-5,-1.343637705E-4,2.076933160E-4
4.634316192E0,-6.106495857E-5,-1.343637705E-4,2.076933160E-4
4.644330269E0,-6.106495857E-5,4.765018821E-4,2.076933160E-4
4.654330731E0,-6.106495857E-5,4.765018821E-4,2.076933160E-4
4.664437500E0,-6.106495857E-5,-1.343637705E-4,-1.014037058E-3
4.674358038E0,-6.719306111E-4,-1.343637705E-4,-1.014037058E-3
4.684323500E0,-6.719306111E-4,-1.343637705E-4,-1.014037058E-3
4.694418231E0,-1.282796264E-3,-1.343637705E-4,-1.014037058E-3
4.704436462E0,-6.106495857E-5,-1.343637705E-4,-1.014037058E-3
4.714381615E0,-6.106495857E-5,-7.452294230E-4,2.076933160E-4
4.724323654E0,-6.106495857E-5,-1.343637705E-4,8.185589686E-4
4.734319115E0,-6.719306111E-4,-1.343637705E-4,2.076933160E-4
4.744369500E0,-6.719306111E-4,-1.343637705E-4,2.076933160E-4
4.754338731E0,-6.106495857E-5,-7.452294230E-4,2.076933160E-4
4.764330500E0,-6.106495857E-5,-7.452294230E-4,-4.031723365E-4
4.774377385E0,5.498006940E-4,-1.343637705E-4,-4.031723365E-4
4.784370731E0,-6.719306111E-4,-7.452294230E-4,-1.014037058E-3
4.794381000E0,-1.282796264E-3,-1.343637705E-4,-4.031723365E-4
4.804340654E0,-6.106495857E-5,-1.343637705E-4,-4.031723365E-4
4.814320500E0,-6.719306111E-4,-7.452294230E-4,-4.031723365E-4
4.824320346E0,-6.106495857E-5,-1.343637705E-4,-4.031723365E-4
4.834329577E0,-6.719306111E-4,4.765018821E-4,2.076933160E-4
4.844360808E0,-1.282796264E-3,-7.452294230E-4,2.076933160E-4
4.854389385E0,-1.282796264E-3,-1.343637705E-4,-4.031723365E-4
4.864376731E0,-6.719306111E-4,-1.343637705E-4,-4.031723365E-4
4.874389000E0,5.498006940E-4,-7.452294230E-4,2.076933160E-4
4.884396808E0,-6.106495857E-5,4.765018821E-4,2.076933160E-4
4.894389692E0,-6.719306111E-4,-1.343637705E-4,-4.031723365E-4
4.904390231E0,-6.719306111E-4,-7.452294230E-4,-4.031723365E-4
4.914384961E0,-6.106495857E-5,-1.343637705E-4,2.076933160E-4
4.924327192E0,5.498006940E-4,-1.343637705E-4,-4.031723365E-4
4.934369923E0,-6.106495857E-5,-7.452294230E-4,2.076933160E-4
4.944332884E0,-6.106495857E-5,-1.343637705E-4,2.076933160E-4
4.954388577E0,-6.719306111E-4,-1.356095076E-3,2.076933160E-4
4.964379884E0,-6.719306111E-4,-1.356095076E-3,2.076933160E-4
4.974333077E0,-6.106495857E-5,-1.343637705E-4,2.076933160E-4
4.984375615E0,5.498006940E-4,-1.343637705E-4,2.076933160E-4
4.994415461E0,-6.719306111E-4,-7.452294230E-4,2.076933160E-4
5.004394500E0,-6.106495857E-5,-1.356095076E-3,8.185589686E-4
5.014372846E0,-6.719306111E-4,-7.452294230E-4,-4.031723365E-4
5.024317884E0,-6.106495857E-5,-1.343637705E-4,-4.031723365E-4
5.034366654E0,-6.106495857E-5,-7.452294230E-4,2.076933160E-4
5.044396461E0,-6.106495857E-5,-7.452294230E-4,2.076933160E-4
5.054380038E0,-6.106495857E-5,-1.343637705E-4,2.076933160E-4
5.064379423E0,-6.719306111E-4,-7.452294230E-4,-4.031723365E-4
5.074337692E0,-6.106495857E-5,-1.343637705E-4,-4.031723365E-4
5.084338538E0,-6.106495857E-5,4.765018821E-4,2.076933160E-4
5.094331692E0,-6.106495857E-5,-1.343637705E-4,2.076933160E-4
5.104325730E0,-6.106495857E-5,-1.343637705E-4,-4.031723365E-4
5.114384923E0,-1.282796264E-3,-7.452294230E-4,-4.031723365E-4
5.124330769E0,-6.719306111E-4,-1.343637705E-4,2.076933160E-4
5.134370615E0,-6.106495857E-5,-7.452294230E-4,2.076933160E-4
5.144374538E0,-6.106495857E-5,4.765018821E-4,2.076933160E-4
5.154375384E0,-1.282796264E-3,-7.452294230E-4,2.076933160E-4
5.164339423E0,-6.719306111E-4,-1.343637705E-4,-4.031723365E-4
5.174330538E0,-6.719306111E-4,-1.343637705E-4,2.076933160E-4
5.184320577E0,-6.719306111E-4,-1.343637705E-4,2.076933160E-4
5.194330500E0,-6.106495857E-5,-7.452294230E-4,2.076933160E-4
5.204397500E0,-6.106495857E-5,-1.356095076E-3,2.076933160E-4
5.214386346E0,-6.719306111E-4,-7.452294230E-4,2.076933160E-4
5.224373269E0,-6.719306111E-4,-1.343637705E-4,-4.031723365E-4
5.234364884E0,-6.106495857E-5,4.765018821E-4,-4.031723365E-4
5.244328500E0,-6.719306111E-4,-7.452294230E-4,2.076933160E-4
5.254354269E0,-6.106495857E-5,-1.343637705E-4,8.185589686E-4
5.264375307E0,5.498006940E-4,-1.343637705E-4,-4.031723365E-4
5.274348077E0,-6.106495857E-5,-7.452294230E-4,-4.031723365E-4
5.284379653E0,-6.719306111E-4,-7.452294230E-4,8.185589686E-4
5.294422307E0,-6.106495857E-5,-1.343637705E-4,2.076933160E-4
5.304524961E0,-6.719306111E-4,-1.343637705E-4,-4.031723365E-4
5.314377923E0,-6.106495857E-5,-1.356095076E-3,-4.031723365E-4
5.324337384E0,-6.719306111E-4,-7.452294230E-4,-4.031723365E-4
5.334396115E0,5.498006940E-4,-1.343637705E-4,-4.031723365E-4
5.344399769E0,5.498006940E-4,-1.343637705E-4,2.076933160E-4
5.354317730E0,-6.106495857E-5,-1.343637705E-4,-4.031723365E-4
5.364341461E0,-2.441741526E-5,-1.465827227E-4,2.382369712E-4
5.374342807E0,5.864482373E-4,-7.574483752E-4,8.491026238E-4
5.384325038E0,-2.441741526E-5,-1.465827227E-4,-3.726286814E-4
5.394333461E0,-2.441741526E-5,-1.465827227E-4,2.382369712E-4
5.404336307E0,-2.441741526E-5,-7.574483752E-4,2.382369712E-4
5.414329807E0,-2.441741526E-5,-7.574483752E-4,2.382369712E-4
5.424335692E0,-1.246148720E-3,-1.465827227E-4,-3.726286814E-4
5.434319807E0,-6.352830678E-4,-1.465827227E-4,2.382369712E-4
5.444335269E0,-6.352830678E-4,-1.465827227E-4,-3.726286814E-4
5.454359153E0,-6.352830678E-4,-7.574483752E-4,2.382369712E-4
5.464333461E0,-2.441741526E-5,-1.465827227E-4,-3.726286814E-4
5.474357730E0,-2.441741526E-5,-1.465827227E-4,-3.726286814E-4
5.484345115E0,-1.246148720E-3,-7.574483752E-4,2.382369712E-4
5.494415461E0,-2.441741526E-5,-1.465827227E-4,-9.834934026E-4
5.504346346E0,5.864482373E-4,-1.465827227E-4,2.382369712E-4
5.514320038E0,-6.352830678E-4,-7.574483752E-4,2.382369712E-4
5.524404269E0,-2.441741526E-5,-1.465827227E-4,2.382369712E-4
5.534332615E0,-2.441741526E-5,-1.465827227E-4,2.382369712E-4
5.544399538E0,-2.441741526E-5,-7.574483752E-4,8.491026238E-4
5.554323730E0,-1.246148720E-3,-7.574483752E-4,8.491026238E-4
5.564388230E0,-1.246148720E-3,-7.574483752E-4,2.382369712E-4
5.574335846E0,-6.352830678E-4,4.642829299E-4,-3.726286814E-4
5.584328153E0,-6.352830678E-4,-1.465827227E-4,-3.726286814E-4
5.594327307E0,5.864482373E-4,-1.465827227E-4,-3.726286814E-4
5.604346461E0,-2.441741526E-5,-1.465827227E-4,2.382369712E-4
5.614327269E0,-2.441741526E-5,-1.465827227E-4,2.382369712E-4
5.624378346E0,-2.441741526E-5,-7.574483752E-4,8.491026238E-4
5.634324653E0,-2.441741526E-5,-7.574483752E-4,-3.726286814E-4
5.644343307E0,-2.441741526E-5,-1.465827227E-4,2.382369712E-4
5.654397653E0,-2.441741526E-5,-1.465827227E-4,2.382369712E-4
5.664328307E0,5.864482373E-4,-1.465827227E-4,2.382369712E-4
5.674367769E0,-6.352830678E-4,-7.574483752E-4,8.491026238E-4
5.684334961E0,5.864482373E-4,4.642829299E-4,2.382369712E-4
5.694334615E0,-2.441741526E-5,-7.574483752E-4,-3.726286814E-4
5.704322499E0,5.864482373E-4,-1.465827227E-4,2.382369712E-4
5.714375307E0,-2.441741526E-5,-1.465827227E-4,-3.726286814E-4
5.724390192E0,-2.441741526E-5,-1.465827227E-4,-3.726286814E-4
5.734378115E0,-2.441741526E-5,-7.574483752E-4,-3.726286814E-4
5.744340961E0,5.864482373E-4,4.642829299E-4,-3.726286814E-4
5.754366384E0,-2.441741526E-5,4.642829299E-4,-9.834934026E-4
5.764384845E0,-2.441741526E-5,-7.574483752E-4,-3.726286814E-4
5.774330653E0,-6.352830678E-4,-1.465827227E-4,2.382369712E-4
5.784374384E0,-1.246148720E-3,-7.574483752E-4,2.382369712E-4
5.794382768E0,-6.352830678E-4,-1.465827227E-4,2.382369712E-4
5.804368461E0,-2.441741526E-5,-1.465827227E-4,-3.726286814E-4
5.814417115E0,-2.441741526E-5,-1.465827227E-4,-3.726286814E-4
5.824391615E0,-6.352830678E-4,-1.465827227E-4,-3.726286814E-4
5.834370461E0,-2.441741526E-5,-1.465827227E-4,-9.834934026E-4
5.844349268E0,5.864482373E-4,4.642829299E-4,2.382369712E-4
5.854370999E0,-6.352830678E-4,-7.574483752E-4,2.382369712E-4
5.864393999E0,-6.352830678E-4,-1.465827227E-4,-3.726286814E-4
5.874335884E0,-6.352830678E-4,-1.465827227E-4,2.382369712E-4
5.884354807E0,-1.246148720E-3,-1.465827227E-4,2.382369712E-4
5.894378730E0,-2.441741526E-5,-7.574483752E-4,-3.726286814E-4
5.904311384E0,-2.441741526E-5,-7.574483752E-4,-3.726286814E-4
5.914372922E0,-2.441741526E-5,-7.574483752E-4,-3.726286814E-4
5.924335961E0,-2.441741526E-5,-1.465827227E-4,-9.834934026E-4
5.934378653E0,-2.441741526E-5,-1.465827227E-4,2.382369712E-4
5.944314845E0,-2.441741526E-5,-1.465827227E-4,2.382369712E-4
5.954318153E0,-2.441741526E-5,-1.465827227E-4,2.382369712E-4
5.964393422E0,-6.352830678E-4,-7.574483752E-4,-3.726286814E-4
5.974328653E0,-2.441741526E-5,-7.574483752E-4,2.382369712E-4
5.984314538E0,-2.441741526E-5,-1.465827227E-4,2.382369712E-4
5.994326114E0,-1.246148720E-3,-7.574483752E-4,-3.726286814E-4
6.004320268E0,-6.352830678E-4,4.642829299E-4,-3.726286814E-4
6.014393730E0,-6.352830678E-4,-1.465827227E-4,2.382369712E-4
6.024347730E0,-6.352830678E-4,-7.574483752E-4,-3.726286814E-4
6.034320076E0,-6.352830678E-4,-7.574483752E-4,-3.726286814E-4
6.044395768E0,-6.352830678E-4,-1.465827227E-4,2.382369712E-4
6.054379422E0,-2.441741526E-5,4.642829299E-4,2.382369712E-4
6.064403076E0,5.864482373E-4,-7.574483752E-4,-3.726286814E-4
6.074344845E0,-2.441741526E-5,-1.465827227E-4,-3.726286814E-4
6.084626922E0,-2.441741526E-5,-1.465827227E-4,-3.726286814E-4
6.094327499E0,-1.246148720E-3,-1.465827227E-4,2.382369712E-4
6.104326576E0,-6.352830678E-4,-7.574483752E-4,-3.726286814E-4
6.114377999E0,-6.352830678E-4,-1.465827227E-4,-9.834934026E-4
6.124400768E0,-2.441741526E-5,-1.465827227E-4,-3.726286814E-4
6.134679307E0,5.864482373E-4,-7.574483752E-4,-9.834934026E-4
6.144343768E0,-6.352830678E-4,-1.465827227E-4,-9.834934026E-4
6.154367230E0,-6.352830678E-4,-1.465827227E-4,-9.834934026E-4
6.164393922E0,-1.246148720E-3,-7.574483752E-4,-3.726286814E-4
6.174322845E0,-6.352830678E-4,-1.465827227E-4,-3.726286814E-4
6.184322960E0,5.864482373E-4,-1.465827227E-4,2.382369712E-4
6.194322922E0,-6.352830678E-4,-1.465827227E-4,8.491026238E-4
6.204318884E0,-2.441741526E-5,4.642829299E-4,2.382369712E-4
6.214329922E0,-2.441741526E-5,-1.465827227E-4,2.382369712E-4
6.224331960E0,-2.441741526E-5,-1.465827227E-4,2.382369712E-4
6.234328422E0,-6.352830678E-4,-7.574483752E-4,2.382369712E-4
6.244402653E0,-6.352830678E-4,-1.465827227E-4,2.382369712E-4
6.254378384E0,-6.352830678E-4,-7.574483752E-4,2.382369712E-4
6.264433653E0,-2.441741526E-5,-7.574483752E-4,-3.726286814E-4
6.274403345E0,-6.352830678E-4,-7.574483752E-4,2.382369712E-4
6.284548230E0,-2.441741526E-5,-1.465827227E-4,2.382369712E-4
6.294371537E0,-6.352830678E-4,4.642829299E-4,2.382369712E-4
6.304374153E0,-2.441741526E-5,4.642829299E-4,2.382369712E-4
6.314371768E0,5.864482373E-4,-1.465827227E-4,2.382369712E-4
6.324351883E0,-6.352830678E-4,-1.465827227E-4,-9.834934026E-4
6.334440076E0,-2.441741526E-5,-1.465827227E-4,2.382369712E-4
6.344322730E0,-2.441741526E-5,-1.368314028E-3,8.491026238E-4
6.354325037E0,-1.246148720E-3,-7.574483752E-4,2.382369712E-4
6.364386537E0,-6.352830678E-4,-7.574483752E-4,8.491026238E-4
6.374448268E0,5.864482373E-4,-1.465827227E-4,8.491026238E-4
6.384312730E0,5.864482373E-4,-1.465827227E-4,2.382369712E-4
6.394325268E0,5.864482373E-4,-7.574483752E-4,2.382369712E-4
6.404371653E0,-2.441741526E-5,-7.574483752E-4,2.382369712E-4
6.414323306E0,-2.442300320E-5,-1.649074256E-4,1.710383222E-4
6.424357268E0,-2.442300320E-5,4.459582269E-4,-1.050692052E-3
6.434328345E0,-2.442300320E-5,4.459582269E-4,1.710383222E-4
6.444359960E0,-2.442300320E-5,-1.649074256E-4,-4.398273304E-4
6.454331653E0,-6.352886558E-4,4.459582269E-4,1.710383222E-4
6.464314614E0,-6.352886558E-4,-1.649074256E-4,1.710383222E-4
6.474326845E0,-6.352886558E-4,-1.649074256E-4,1.710383222E-4
6.484345114E0,-6.352886558E-4,-7.757730782E-4,1.710383222E-4
6.494314114E0,-2.442300320E-5,-7.757730782E-4,-4.398273304E-4
6.504307383E0,1.197306439E-3,-7.757730782E-4,-4.398273304E-4
6.514303229E0,-2.442300320E-5,-1.649074256E-4,1.710383222E-4
6.524310460E0,-2.442300320E-5,4.459582269E-4,1.710383222E-4
6.534343076E0,-6.352886558E-4,-1.649074256E-4,1.710383222E-4
6.544305037E0,-2.442300320E-5,-1.649074256E-4,-4.398273304E-4
6.554299306E0,-2.442300320E-5,-7.757730782E-4,1.710383222E-4
6.564302306E0,-2.442300320E-5,-7.757730782E-4,-4.398273304E-4
6.574319729E0,-6.352886558E-4,-1.649074256E-4,1.710383222E-4
6.584301422E0,-2.442300320E-5,-1.649074256E-4,1.710383222E-4
6.594313383E0,-2.442300320E-5,-7.757730782E-4,-4.398273304E-4
6.604303229E0,-2.442300320E-5,-7.757730782E-4,-4.398273304E-4
6.614309806E0,5.864426494E-4,-1.649074256E-4,1.710383222E-4
6.624317229E0,-2.442300320E-5,-7.757730782E-4,1.710383222E-4
6.634300576E0,-6.352886558E-4,-1.649074256E-4,1.710383222E-4
6.644310537E0,-6.352886558E-4,-7.757730782E-4,-4.398273304E-4
6.654301768E0,-2.442300320E-5,-1.386638731E-3,-4.398273304E-4
6.664336883E0,-2.442300320E-5,-7.757730782E-4,-4.398273304E-4
6.674340345E0,-6.352886558E-4,4.459582269E-4,1.710383222E-4
6.684334268E0,-6.352886558E-4,-7.757730782E-4,-4.398273304E-4
6.694338883E0,-6.352886558E-4,-1.649074256E-4,1.710383222E-4
6.704377499E0,-2.442300320E-5,-1.649074256E-4,-4.398273304E-4
6.714335383E0,-2.442300320E-5,-7.757730782E-4,1.710383222E-4
6.724311306E0,-2.442300320E-5,-7.757730782E-4,7.819039747E-4
6.734374191E0,-2.442300320E-5,-1.649074256E-4,-4.398273304E-4
6.744394883E0,-2.442300320E-5,-7.757730782E-4,1.710383222E-4
6.754368037E0,-6.352886558E-4,-7.757730782E-4,-4.398273304E-4
6.764392537E0,-6.352886558E-4,-1.386638731E-3,1.710383222E-4
6.774334652E0,-2.442300320E-5,-7.757730782E-4,-4.398273304E-4
6.784332883E0,-2.442300320E-5,-1.649074256E-4,-4.398273304E-4
6.794346575E0,-2.442300320E-5,-7.757730782E-4,-1.050692052E-3
6.804328614E0,-2.442300320E-5,-1.649074256E-4,-4.398273304E-4
6.814338729E0,-2.442300320E-5,4.459582269E-4,1.710383222E-4
6.824344768E0,-6.352886558E-4,-1.649074256E-4,1.710383222E-4
6.834333383E0,-2.442300320E-5,-1.649074256E-4,-4.398273304E-4
6.844401229E0,-6.352886558E-4,-7.757730782E-4,-4.398273304E-4
6.854327806E0,-1.246154308E-3,-7.757730782E-4,-4.398273304E-4
6.864333383E0,-6.352886558E-4,-1.649074256E-4,1.710383222E-4
6.874373268E0,-2.442300320E-5,4.459582269E-4,-4.398273304E-4
6.884435845E0,-2.442300320E-5,-1.649074256E-4,1.710383222E-4
6.894339998E0,5.864426494E-4,-7.757730782E-4,1.710383222E-4
6.904381960E0,5.864426494E-4,-7.757730782E-4,1.710383222E-4
6.914358922E0,-2.442300320E-5,-1.649074256E-4,-4.398273304E-4
6.924337191E0,-1.246154308E-3,-1.649074256E-4,-4.398273304E-4
6.934332537E0,-6.352886558E-4,-1.649074256E-4,1.710383222E-4
6.944323652E0,-6.352886558E-4,-7.757730782E-4,-4.398273304E-4
6.954368768E0,-6.352886558E-4,-7.757730782E-4,-4.398273304E-4
6.964370537E0,-6.352886558E-4,-1.649074256E-4,7.819039747E-4
6.974358960E0,-6.352886558E-4,-7.757730782E-4,1.710383222E-4
6.984403421E0,-1.246154308E-3,-1.649074256E-4,-4.398273304E-4
6.994322960E0,-6.352886558E-4,-1.649074256E-4,1.710383222E-4
7.004371691E0,-6.352886558E-4,-1.649074256E-4,-4.398273304E-4
7.014346421E0,-1.246154308E-3,-1.649074256E-4,-4.398273304E-4
7.024335729E0,-6.352886558E-4,-7.757730782E-4,-4.398273304E-4
7.034353729E0,-2.442300320E-5,-7.757730782E-4,-4.398273304E-4
7.044320844E0,-2.442300320E-5,-1.649074256E-4,1.710383222E-4
7.054335421E0,5.864426494E-4,-7.757730782E-4,1.710383222E-4
7.064372114E0,-2.442300320E-5,-1.649074256E-4,7.819039747E-4
7.074376383E0,-2.442300320E-5,-1.649074256E-4,1.710383222E-4
7.084370268E0,-2.442300320E-5,-7.757730782E-4,1.710383222E-4
7.094388383E0,-2.442300320E-5,-7.757730782E-4,1.710383222E-4
7.104336268E0,-2.442300320E-5,-7.757730782E-4,1.710383222E-4
7.114321575E0,-6.352886558E-4,-1.649074256E-4,1.710383222E-4
7.124385152E0,-6.352886558E-4,-1.649074256E-4,1.710383222E-4
7.134340652E0,-6.352886558E-4,-1.649074256E-4,7.819039747E-4
7.144332114E0,-2.442300320E-5,-7.757730782E-4,1.710383222E-4
7.154369921E0,5.864426494E-4,-1.649074256E-4,1.710383222E-4
7.164378652E0,-2.442300320E-5,-1.386638731E-3,1.710383222E-4
7.174403575E0,5.864426494E-4,4.459582269E-4,1.710383222E-4
7.184336152E0,-2.442300320E-5,-1.649074256E-4,1.710383222E-4
7.194332652E0,-1.246154308E-3,-7.757730782E-4,1.710383222E-4
7.204369152E0,-2.442300320E-5,-7.757730782E-4,1.710383222E-4
7.214331575E0,5.864426494E-4,-7.757730782E-4,-4.398273304E-4
7.224343998E0,-6.352886558E-4,-1.649074256E-4,-4.398273304E-4
7.234319806E0,-6.352886558E-4,-7.757730782E-4,1.710383222E-4
7.244515229E0,-2.442300320E-5,-1.649074256E-4,1.710383222E-4
7.254337921E0,-6.352886558E-4,-1.649074256E-4,1.710383222E-4
7.264334614E0,-1.246154308E-3,4.459582269E-4,1.710383222E-4
7.274348998E0,-1.246154308E-3,-7.757730782E-4,-4.398273304E-4
7.284365998E0,-2.442300320E-5,-1.649074256E-4,1.710383222E-4
7.294403267E0,-2.442300320E-5,-1.649074256E-4,-4.398273304E-4
7.304391844E0,5.864426494E-4,-1.649074256E-4,-1.050692052E-3
7.314338960E0,-2.442300320E-5,-7.757730782E-4,1.710383222E-4
7.324392460E0,-2.442300320E-5,-1.649074256E-4,-4.398273304E-4
7.334328537E0,-2.442300320E-5,-7.757730782E-4,-1.050692052E-3
7.344322921E0,-6.352886558E-4,-7.757730782E-4,1.710383222E-4
7.354356614E0,-2.442300320E-5,-1.649074256E-4,1.710383222E-4
7.364366152E0,-6.352886558E-4,-1.649074256E-4,1.710383222E-4
7.374368383E0,-2.442300320E-5,-7.757730782E-4,-1.050692052E-3
7.384315767E0,5.864426494E-4,-7.757730782E-4,-4.398273304E-4
7.394313152E0,-2.442300320E-5,-1.649074256E-4,1.710383222E-4
7.404361152E0,-2.442300320E-5,-1.649074256E-4,-4.398273304E-4
7.414331960E0,-2.442300320E-5,-7.757730782E-4,1.710383222E-4
7.424323037E0,-6.352886558E-4,-1.649074256E-4,1.710383222E-4
7.434325383E0,-6.352886558E-4,4.459582269E-4,-4.398273304E-4
7.444394460E0,-2.442300320E-5,-1.649074256E-4,-1.050692052E-3
7.454343806E0,-2.442300320E-5,-1.649074256E-4,-4.398273304E-4
7.464389267E0,5.681216717E-4,-7.938593626E-5,-4.337178543E-4
7.474320729E0,-6.536096334E-4,-6.902515888E-4,-4.337178543E-4
7.484321229E0,-6.536096334E-4,-6.902515888E-4,-4.337178543E-4
7.494347998E0,-6.536096334E-4,-6.902515888E-4,1.771477982E-4
7.504343306E0,-4.274398088E-5,-6.902515888E-4,-4.337178543E-4
7.514350536E0,-6.536096334E-4,-7.938593626E-5,-4.337178543E-4
7.524323652E0,-6.536096334E-4,-7.938593626E-5,1.771477982E-4
7.534327383E0,-6.536096334E-4,-6.902515888E-4,-4.337178543E-4
7.544335306E0,-6.536096334E-4,-7.938593626E-5,-4.337178543E-4
7.554318229E0,-6.536096334E-4,-6.902515888E-4,-4.337178543E-4
7.564327383E0,-4.274398088E-5,-7.938593626E-5,7.880134508E-4
7.574375306E0,-6.536096334E-4,-7.938593626E-5,1.771477982E-4
7.584331190E0,-6.536096334E-4,-7.938593626E-5,-4.337178543E-4
7.594383844E0,-4.274398088E-5,-7.938593626E-5,1.771477982E-4
7.604316613E0,-6.536096334E-4,-7.938593626E-5,1.771477982E-4
7.614335267E0,-4.274398088E-5,-7.938593626E-5,1.771477982E-4
7.624322498E0,5.681216717E-4,-7.938593626E-5,-4.337178543E-4
7.634427306E0,1.178985462E-3,-7.938593626E-5,-1.044582576E-3
7.644384844E0,-6.536096334E-4,-6.902515888E-4,1.771477982E-4
7.654497613E0,-6.536096334E-4,5.314797163E-4,1.771477982E-4
7.664421767E0,-6.536096334E-4,5.314797163E-4,1.771477982E-4
7.674328344E0,-1.264475286E-3,-7.938593626E-5,-4.337178543E-4
7.684326344E0,-4.274398088E-5,-1.301117241E-3,1.771477982E-4
7.694391690E0,5.681216717E-4,-6.902515888E-4,1.771477982E-4
7.704327882E0,-4.274398088E-5,-6.902515888E-4,1.771477982E-4
7.714333882E0,-6.536096334E-4,-6.902515888E-4,-4.337178543E-4
7.724345998E0,-6.536096334E-4,-7.938593626E-5,1.771477982E-4
7.734389882E0,-4.274398088E-5,-7.938593626E-5,-4.337178543E-4
7.744330652E0,-4.274398088E-5,-6.902515888E-4,1.771477982E-4
7.754313421E0,5.681216717E-4,-6.902515888E-4,-4.337178543E-4
7.764368613E0,5.681216717E-4,-6.902515888E-4,7.880134508E-4
7.774327229E0,-4.274398088E-5,-7.938593626E-5,1.771477982E-4
7.784332652E0,-4.274398088E-5,5.314797163E-4,1.771477982E-4
7.794370805E0,-4.274398088E-5,-6.902515888E-4,1.771477982E-4
7.804330267E0,5.681216717E-4,-7.938593626E-5,-4.337178543E-4
7.814341498E0,-6.536096334E-4,-7.938593626E-5,-4.337178543E-4
7.824413690E0,-4.274398088E-5,-7.938593626E-5,-4.337178543E-4
7.834394690E0,-1.264475286E-3,-6.902515888E-4,1.771477982E-4
7.844521190E0,-4.274398088E-5,-7.938593626E-5,1.771477982E-4
7.854479344E0,-4.274398088E-5,-7.938593626E-5,-1.044582576E-3
7.864322382E0,-4.274398088E-5,-6.902515888E-4,-1.044582576E-3
7.874314113E0,-6.536096334E-4,-6.902515888E-4,1.771477982E-4
7.884373421E0,-1.264475286E-3,-6.902515888E-4,1.771477982E-4
7.894358228E0,-1.264475286E-3,-6.902515888E-4,-4.337178543E-4
7.904329382E0,-1.264475286E-3,-6.902515888E-4,1.771477982E-4
7.914382498E0,-4.274398088E-5,-7.938593626E-5,-4.337178543E-4
7.924366075E0,-4.274398088E-5,-7.938593626E-5,1.771477982E-4
7.934388536E0,5.681216717E-4,-7.938593626E-5,1.771477982E-4
7.944390152E0,5.681216717E-4,-7.938593626E-5,1.771477982E-4
7.954379805E0,5.681216717E-4,-6.902515888E-4,1.771477982E-4
7.964318152E0,5.681216717E-4,-7.938593626E-5,-4.337178543E-4
7.974378805E0,-1.264475286E-3,-7.938593626E-5,1.771477982E-4
7.984383805E0,-4.274398088E-5,-7.938593626E-5,-4.337178543E-4
7.994330498E0,-6.536096334E-4,-6.902515888E-4,1.771477982E-4
8.004386959E0,-6.536096334E-4,-6.902515888E-4,7.880134508E-4
8.014381536E0,-4.274398088E-5,-7.938593626E-5,-4.337178543E-4
8.024382767E0,-6.536096334E-4,-6.902515888E-4,1.771477982E-4
8.034381151E0,-4.274398088E-5,-7.938593626E-5,-4.337178543E-4
8.044353998E0,5.681216717E-4,-6.902515888E-4,-1.044582576E-3
8.054318536E0,5.681216717E-4,-1.301117241E-3,1.771477982E-4
8.064325305E0,-6.536096334E-4,-6.902515888E-4,1.771477982E-4
8.074346921E0,-4.274398088E-5,-6.902515888E-4,1.771477982E-4
8.084433382E0,-6.536096334E-4,-7.938593626E-5,7.880134508E-4
8.094390613E0,-4.274398088E-5,-7.938593626E-5,-4.337178543E-4
8.104431305E0,-4.274398088E-5,-6.902515888E-4,1.771477982E-4
8.114332536E0,-4.274398088E-5,-7.938593626E-5,-4.337178543E-4
8.124325690E0,-1.264475286E-3,-7.938593626E-5,-4.337178543E-4
8.134372267E0,-6.536096334E-4,-6.902515888E-4,1.771477982E-4
8.144352421E0,-4.274398088E-5,-7.938593626E-5,-4.337178543E-4
8.154330190E0,-6.536096334E-4,-1.301117241E-3,-1.044582576E-3
8.164322536E0,-1.264475286E-3,-6.902515888E-4,-4.337178543E-4
8.174384690E0,-6.536096334E-4,-6.902515888E-4,1.771477982E-4
8.184319767E0,-6.536096334E-4,-7.938593626E-5,1.771477982E-4
8.194362767E0,5.681216717E-4,-7.938593626E-5,1.771477982E-4
8.204322728E0,-4.274398088E-5,-6.902515888E-4,1.771477982E-4
8.214324382E0,-6.536096334E-4,-1.301117241E-3,-4.337178543E-4
8.224319382E0,-6.536096334E-4,-6.902515888E-4,-4.337178543E-4
8.234380036E0,-6.536096334E-4,-7.938593626E-5,1.771477982E-4
8.244330728E0,-4.274398088E-5,-6.902515888E-4,-4.337178543E-4
8.254350536E0,-4.274398088E-5,-6.902515888E-4,-4.337178543E-4
8.264321497E0,-1.264475286E-3,-6.902515888E-4,-4.337178543E-4
8.274374997E0,-4.274398088E-5,-7.938593626E-5,1.771477982E-4
8.284330305E0,-6.536096334E-4,-6.902515888E-4,1.771477982E-4
8.294359728E0,-6.536096334E-4,-7.938593626E-5,1.771477982E-4
8.304320805E0,-6.536096334E-4,-6.902515888E-4,-4.337178543E-4
8.314381151E0,-6.536096334E-4,-7.938593626E-5,1.771477982E-4
8.324374074E0,-6.536096334E-4,-6.902515888E-4,1.771477982E-4
8.334319959E0,-4.274398088E-5,-6.902515888E-4,7.880134508E-4
8.344339036E0,-1.264475286E-3,-6.902515888E-4,1.771477982E-4
8.354326382E0,-6.536096334E-4,-6.902515888E-4,1.771477982E-4
8.364332344E0,-6.536096334E-4,-7.938593626E-5,1.771477982E-4
8.374325344E0,-1.264475286E-3,-6.902515888E-4,1.771477982E-4
8.384421920E0,-6.536096334E-4,-6.902515888E-4,-4.337178543E-4
8.394333036E0,-4.274398088E-5,-6.902515888E-4,-4.337178543E-4
8.404376728E0,5.681216717E-4,-7.938593626E-5,-4.337178543E-4
8.414331805E0,-4.274398088E-5,-7.938593626E-5,1.771477982E-4
8.424399959E0,-6.536096334E-4,-6.902515888E-4,1.771477982E-4
8.434328305E0,5.681216717E-4,-1.301117241E-3,-4.337178543E-4
8.444354767E0,5.681216717E-4,-6.902515888E-4,1.771477982E-4
8.454318574E0,-6.536096334E-4,-6.902515888E-4,-1.044582576E-3
8.464395959E0,-4.274398088E-5,-7.938593626E-5,-4.337178543E-4
8.474382728E0,-4.274398088E-5,-7.938593626E-5,-4.337178543E-4
8.484364843E0,-4.274398088E-5,-6.902515888E-4,-4.337178543E-4
8.494339190E0,-6.536096334E-4,-7.938593626E-5,-4.337178543E-4
8.504329420E0,-4.274398088E-5,5.314797163E-4,1.771477982E-4
8.514338574E0,-5.986336619E-4,-1.830607653E-5,1.771496609E-4
8.524316305E0,1.223199069E-5,-1.830607653E-5,7.880153134E-4
8.534381690E0,1.223199069E-5,-6.291717291E-4,-4.337159917E-4
8.544391382E0,-5.986336619E-4,-1.240037382E-3,1.771496609E-4
8.554327305E0,6.230976433E-4,-6.291717291E-4,-4.337159917E-4
8.564340420E0,-5.986336619E-4,-6.291717291E-4,-4.337159917E-4
8.574377190E0,1.223199069E-5,-1.830607653E-5,1.771496609E-4
8.584329459E0,1.223199069E-5,-1.830607653E-5,1.771496609E-4
8.594329190E0,1.223199069E-5,-1.830607653E-5,-4.337159917E-4
8.604322536E0,1.223199069E-5,-6.291717291E-4,1.771496609E-4
8.614403651E0,1.223199069E-5,-6.291717291E-4,-4.337159917E-4
8.624329536E0,1.223199069E-5,-1.830607653E-5,-4.337159917E-4
8.634355574E0,-1.209499314E-3,-6.291717291E-4,-4.337159917E-4
8.644351343E0,-5.986336619E-4,-6.291717291E-4,1.771496609E-4
8.654318420E0,-1.209499314E-3,-6.291717291E-4,1.771496609E-4
8.664597843E0,1.223199069E-5,-6.291717291E-4,-4.337159917E-4
8.674342113E0,1.223199069E-5,-6.291717291E-4,1.771496609E-4
8.684343613E0,6.230976433E-4,-1.830607653E-5,-4.337159917E-4
8.694403728E0,1.223199069E-5,-1.830607653E-5,-4.337159917E-4
8.704383382E0,-5.986336619E-4,5.925595760E-4,1.771496609E-4
8.714324882E0,1.223199069E-5,-1.830607653E-5,1.771496609E-4
8.724370497E0,1.223199069E-5,-6.291717291E-4,1.771496609E-4
8.734370766E0,1.223199069E-5,-6.291717291E-4,-4.337159917E-4
8.744349766E0,1.223199069E-5,-6.291717291E-4,-4.337159917E-4
8.754339959E0,1.223199069E-5,-6.291717291E-4,1.771496609E-4
8.764383266E0,1.223199069E-5,5.925595760E-4,1.771496609E-4
8.774368612E0,-5.986336619E-4,-1.830607653E-5,-4.337159917E-4
8.784397305E0,1.233961433E-3,-1.830607653E-5,1.771496609E-4
8.794336266E0,1.223199069E-5,-1.830607653E-5,-4.337159917E-4
8.804315112E0,-5.986336619E-4,-1.830607653E-5,-4.337159917E-4
8.814374112E0,-5.986336619E-4,-1.830607653E-5,-4.337159917E-4
8.824371920E0,1.223199069E-5,-6.291717291E-4,-4.337159917E-4
8.834340497E0,-5.986336619E-4,-6.291717291E-4,-4.337159917E-4
8.844386305E0,-5.986336619E-4,-6.291717291E-4,-4.337159917E-4
8.854370920E0,1.223199069E-5,-1.830607653E-5,1.771496609E-4
8.864344459E0,-5.986336619E-4,-1.830607653E-5,1.771496609E-4
8.874330766E0,-5.986336619E-4,-6.291717291E-4,1.771496609E-4
8.884395074E0,1.223199069E-5,-1.830607653E-5,-4.337159917E-4
8.894359728E0,-5.986336619E-4,-6.291717291E-4,-4.337159917E-4
8.904421728E0,-5.986336619E-4,-1.830607653E-5,1.771496609E-4
8.914322266E0,1.223199069E-5,-1.830607653E-5,1.771496609E-4
8.924373074E0,1.223199069E-5,-1.830607653E-5,1.771496609E-4
8.934374266E0,6.230976433E-4,-6.291717291E-4,1.771496609E-4
8.944391305E0,6.230976433E-4,-6.291717291E-4,1.771496609E-4
8.954384843E0,1.223199069E-5,-6.291717291E-4,-4.337159917E-4
8.964388459E0,1.223199069E-5,-6.291717291E-4,1.771496609E-4
8.974315958E0,1.223199069E-5,-6.291717291E-4,1.771496609E-4
8.984338497E0,1.223199069E-5,-1.830607653E-5,-4.337159917E-4
8.994322305E0,-5.986336619E-4,-6.291717291E-4,1.771496609E-4
9.004377920E0,1.223199069E-5,-6.291717291E-4,-4.337159917E-4
9.014370882E0,1.223199069E-5,-1.830607653E-5,7.880153134E-4
9.024368766E0,1.223199069E-5,-1.830607653E-5,-4.337159917E-4
9.034329574E0,1.223199069E-5,-1.830607653E-5,-4.337159917E-4
9.044326882E0,-1.209499314E-3,-1.830607653E-5,7.880153134E-4
9.054327843E0,1.223199069E-5,5.925595760E-4,-4.337159917E-4
9.064454189E0,-5.986336619E-4,-6.291717291E-4,-4.337159917E-4
9.074328266E0,-5.986336619E-4,-6.291717291E-4,-4.337159917E-4
9.084327189E0,1.223199069E-5,-6.291717291E-4,1.771496609E-4
9.094336728E0,1.223199069E-5,5.925595760E-4,1.771496609E-4
9.104371766E0,1.223199069E-5,5.925595760E-4,1.771496609E-4
9.114335766E0,1.223199069E-5,-6.291717291E-4,-1.044580713E-3
9.124390381E0,-5.986336619E-4,-1.830607653E-5,-4.337159917E-4
9.134338228E0,-5.986336619E-4,-6.291717291E-4,-4.337159917E-4
9.144345920E0,1.223199069E-5,-6.291717291E-4,-4.337159917E-4
9.154463535E0,-5.986336619E-4,-1.830607653E-5,1.771496609E-4
9.164378997E0,-1.209499314E-3,-6.291717291E-4,-4.337159917E-4
9.174312689E0,-5.986336619E-4,-1.240037382E-3,-4.337159917E-4
9.184368497E0,1.223199069E-5,-1.240037382E-3,-4.337159917E-4
9.194352497E0,-1.209499314E-3,-1.240037382E-3,1.771496609E-4
9.204333612E0,-1.209499314E-3,-6.291717291E-4,7.880153134E-4
9.214334651E0,-5.986336619E-4,-1.830607653E-5,-4.337159917E-4
9.224318574E0,1.223199069E-5,-1.830607653E-5,1.771496609E-4
9.234387228E0,-5.986336619E-4,-1.240037382E-3,1.771496609E-4
9.244341843E0,-5.986336619E-4,-6.291717291E-4,-4.337159917E-4
9.254371728E0,-1.209499314E-3,-1.830607653E-5,1.771496609E-4
9.264374151E0,-1.209499314E-3,-6.291717291E-4,-4.337159917E-4
9.274328112E0,-1.209499314E-3,-6.291717291E-4,-4.337159917E-4
9.284345843E0,1.223199069E-5,-6.291717291E-4,-4.337159917E-4
9.295307881E0,6.230976433E-4,-6.291717291E-4,-4.337159917E-4
9.306356227E0,1.223199069E-5,-6.291717291E-4,-4.337159917E-4
9.324334074E0,-1.820364967E-3,4.257749766E-3,1.771496609E-4
9.334609227E0,-5.986336619E-4,2.425156534E-3,-4.337159917E-4
9.344789535E0,-5.986336619E-4,3.036022186E-3,-4.337159917E-4
9.354329189E0,-5.986336619E-4,5.925595760E-4,-4.337159917E-4
9.364312458E0,-5.986336619E-4,-1.830607653E-5,-4.337159917E-4
9.374306997E0,-5.986336619E-4,-1.240037382E-3,-4.337159917E-4
9.384316766E0,6.230976433E-4,-1.850901172E-3,1.771496609E-4
9.394312997E0,1.233961433E-3,-2.461766824E-3,-4.337159917E-4
9.404299035E0,1.233961433E-3,-1.850901172E-3,-4.337159917E-4
9.414305458E0,6.230976433E-4,-2.461766824E-3,1.771496609E-4
9.424304650E0,1.223199069E-5,-3.683496267E-3,7.880153134E-4
9.434302266E0,6.230976433E-4,-1.850901172E-3,1.771496609E-4
9.444792766E0,-5.986336619E-4,-6.291717291E-4,-4.337159917E-4
9.454310343E0,1.223199069E-5,5.925595760E-4,-4.337159917E-4
