"Time (s)","Linear Acceleration x (m/s^2)","Linear Acceleration y (m/s^2)","Linear Acceleration z (m/s^2)"
0.000000000E0,9.784221649E-3,3.165423870E-3,9.934711456E-2
3.837111700E-2,2.601623535E-3,5.559623241E-3,9.815025330E-2
6.250607900E-2,3.798723221E-3,9.150922298E-3,1.077270508E-1
7.957579100E-2,2.683103085E-3,5.644023418E-3,1.011533737E-1
9.311564700E-2,-3.302425146E-3,2.052724361E-3,8.678817749E-2
1.049010170E-1,-9.082257748E-4,2.052724361E-3,9.636497498E-2
1.157864910E-1,3.880202770E-3,-3.414750099E-4,1.047449112E-1
1.262341890E-1,2.516895533E-3,6.016135216E-3,9.945106506E-2
1.364569420E-1,6.108194590E-3,4.819035530E-3,9.466266632E-2
1.465685110E-1,6.108194590E-3,6.016135216E-3,8.987426758E-2
1.566238340E-1,7.305294275E-3,1.227736473E-3,8.747959137E-2
1.666550910E-1,2.604305744E-3,6.371319294E-3,1.117305756E-1
1.766708160E-1,-4.578292370E-3,7.568418980E-3,1.117305756E-1
1.866751020E-1,-4.578292370E-3,5.174219608E-3,7.940959930E-2
1.966786490E-1,2.385318279E-3,5.146086216E-3,8.817481995E-2
2.066814220E-1,1.862645149E-3,4.689157009E-3,8.496093750E-2
2.166838280E-1,2.697229385E-3,5.180835724E-3,9.127902985E-2
2.266845500E-1,3.030300140E-4,8.772134781E-3,9.965896606E-2
2.366855070E-1,2.693295479E-3,6.265521049E-3,1.101818085E-1
2.466841970E-1,1.496165991E-3,1.477122307E-3,7.785987854E-2
2.566846960E-1,2.475589514E-3,5.186617374E-3,9.049606323E-2
2.666829260E-1,3.161400557E-3,6.376326084E-3,1.102313995E-1
2.766830410E-1,2.730697393E-3,5.883634090E-3,1.033105850E-1
2.866827720E-1,-3.254801035E-3,-2.496063709E-3,9.373378754E-2
2.966827910E-1,1.111039519E-2,1.067203283E-2,1.021127701E-1
3.066848580E-1,3.364980221E-4,5.883634090E-3,1.021127701E-1
3.166814110E-1,8.716195822E-3,4.686534405E-3,9.732437134E-2
3.266788800E-1,-2.057701349E-3,9.474933147E-3,1.176757812E-1
3.366807300E-1,6.321996450E-3,7.080733776E-3,9.493064880E-2
3.466812320E-1,-5.649000406E-3,8.277833462E-3,9.373378754E-2
3.566846170E-1,-2.057701349E-3,2.292335033E-3,9.612751007E-2
3.666838100E-1,2.895802259E-3,6.318330765E-3,1.121721268E-1
3.766834450E-1,2.751886845E-3,5.838692188E-3,1.032447815E-1
3.866856470E-1,-2.036511898E-3,1.062709093E-2,9.486484528E-2
3.966852860E-1,-4.430711269E-3,2.247393131E-3,1.044416428E-1
4.066845870E-1,5.146086216E-3,1.302129030E-2,9.845638275E-2
4.166616600E-1,-3.233611584E-3,8.232891560E-3,1.008501053E-1
4.266917540E-1,3.948986530E-3,1.062709093E-2,1.068353653E-1
4.366646090E-1,1.554787159E-3,3.444492817E-3,7.451438904E-2
4.466551330E-1,8.737385273E-3,1.062709093E-2,9.247016907E-2
4.567322020E-1,5.146086216E-3,7.035791874E-3,1.104269028E-1
4.667046790E-1,5.146086216E-3,-2.541005611E-3,8.528804779E-2
4.766733020E-1,6.343185902E-3,1.062709093E-2,1.056385040E-1
4.866533640E-1,-5.627810955E-3,5.838692188E-3,9.486484528E-2
4.966434720E-1,2.727508545E-3,5.045115948E-3,9.140777588E-2
5.066520260E-1,2.845525742E-3,7.065594196E-3,1.187725067E-1
5.166799760E-1,-3.139972687E-3,3.474295139E-3,1.056041718E-1
5.267095470E-1,-1.942873001E-3,2.277195454E-3,8.764743805E-2
5.366781020E-1,7.633924484E-3,7.065594196E-3,9.722423553E-2
5.466760330E-1,2.904534340E-3,5.984723568E-3,1.055889130E-1
5.566680370E-1,2.973258495E-3,5.866706371E-3,1.044178009E-1
5.666613850E-1,2.994358540E-3,6.169915199E-3,1.100330353E-1
5.781425780E-1,1.017695665E-2,6.169915199E-3,8.728790283E-2
5.874041560E-1,5.388557911E-3,6.169915199E-3,8.249950409E-2
5.970276750E-1,3.360658884E-3,6.849110126E-3,1.179075241E-1
6.068803580E-1,-3.821939230E-3,5.652010441E-3,1.035423279E-1
6.167566610E-1,-3.821939230E-3,4.454910755E-3,8.319091797E-2
6.266941590E-1,-2.624839544E-3,-1.530587673E-3,1.083307266E-1
6.366810420E-1,-5.019038916E-3,2.060711384E-3,9.516239166E-2
6.466606570E-1,2.848654985E-3,5.968511105E-3,1.038341522E-1
6.566563100E-1,3.016114235E-3,6.545186043E-3,1.115713120E-1
6.666474450E-1,1.259294152E-2,6.545186043E-3,1.091775894E-1
6.766414160E-1,3.016114235E-3,6.545186043E-3,7.685565948E-2
6.866383050E-1,5.410313606E-3,-6.374120712E-4,8.882713318E-2
6.966380000E-1,-1.772284508E-3,1.013648510E-2,1.043891907E-1
7.066449630E-1,3.039270639E-3,6.073236465E-3,1.079463959E-1
7.166521940E-1,-4.143387079E-3,6.073057652E-3,1.139316559E-1
7.266552520E-1,-1.749128103E-3,4.876136780E-3,1.127347946E-1
7.366531460E-1,-5.520880222E-4,-2.306640148E-3,1.079463959E-1
7.466578630E-1,3.039270639E-3,8.467435837E-3,8.759498596E-2
7.567906830E-1,7.827609777E-3,4.875957966E-3,1.043548584E-1
7.667141890E-1,4.236370325E-3,1.086163521E-2,1.079463959E-1
7.766830190E-1,6.450116634E-4,1.284658909E-3,8.400440216E-2
7.866676840E-1,6.630569696E-3,8.773803711E-5,1.067485809E-1
7.966572280E-1,2.475768328E-3,4.685997963E-3,7.875442505E-2
8.066589230E-1,8.162856102E-5,3.489077091E-3,1.038942337E-1
8.166576550E-1,2.985864878E-3,6.436645985E-3,1.126327515E-1
8.266494250E-1,2.472937107E-3,5.216836929E-3,9.217834473E-2
8.366685600E-1,7.873773575E-5,1.000523567E-2,1.125297546E-1
8.466541660E-1,-1.118361950E-3,6.413936615E-3,9.816455841E-2
8.566624110E-1,2.572774887E-3,5.255758762E-3,8.570098877E-2
8.666605530E-1,-1.018524170E-3,6.452858448E-3,1.120367050E-1
8.766924890E-1,2.737879753E-3,5.664706230E-3,1.030540466E-1
8.866905730E-1,-8.534193039E-4,1.165020466E-2,9.227943420E-2
8.966698260E-1,7.526278496E-3,5.664706230E-3,1.269960403E-1
9.066633760E-1,6.329178810E-3,3.270506859E-3,9.826564789E-2
9.166518040E-1,2.190768719E-3,4.387974739E-3,7.975101471E-2
9.266592490E-1,9.936690331E-4,3.190875053E-3,1.120719910E-1
9.366586640E-1,9.936690331E-4,-4.004240036E-4,1.060867310E-1
9.466628720E-1,2.661675215E-3,5.515396595E-3,9.474372864E-2
9.566632640E-1,3.128707409E-3,6.305217743E-3,1.154088974E-1
9.666827870E-1,2.792716026E-3,5.865633488E-3,1.047344208E-1
9.767069330E-1,3.989845514E-3,5.865633488E-3,9.994602203E-2
9.866811410E-1,2.584934235E-3,5.916178226E-3,1.007194519E-1
9.967005520E-1,7.373332977E-3,9.507477283E-3,1.031141281E-1
1.006685354E0,2.584934235E-3,7.113277912E-3,1.090993881E-1
1.016671082E0,9.767532349E-3,-6.932020187E-5,9.593105316E-2
1.026662946E0,8.570432663E-3,1.070457697E-2,8.994579315E-2
1.036653974E0,-4.597693682E-3,1.429587603E-2,1.102962494E-1
1.046649392E0,1.096463203E-2,1.309877634E-2,1.102962494E-1
1.056698543E0,2.584934235E-3,7.113277912E-3,1.031141281E-1
1.066854330E0,1.335883141E-2,1.070457697E-2,1.090993881E-1
1.076761281E0,1.387834549E-3,-6.932020187E-5,1.186761856E-1
1.086708545E0,1.907348633E-4,1.309877634E-2,1.055078506E-1
1.096689754E0,3.782033920E-3,1.070457697E-2,1.102962494E-1
1.106678917E0,4.979133606E-3,9.507477283E-3,1.150846481E-1
1.116667094E0,1.387834549E-3,-6.932020187E-5,1.043109894E-1
1.126658375E0,1.387834549E-3,7.113277912E-3,9.233951569E-2
1.136679804E0,9.767532349E-3,5.916178226E-3,1.126909256E-1
1.146701076E0,4.979133606E-3,1.127779484E-3,1.210699081E-1
1.156680039E0,1.387834549E-3,3.521978855E-3,1.031141281E-1
1.166665617E0,4.979133606E-3,7.113277912E-3,9.353733063E-2
1.176667194E0,-4.597693682E-3,9.507477283E-3,9.353733063E-2
1.186659694E0,-1.006364822E-3,9.507477283E-3,1.055078506E-1
1.196669117E0,2.584934235E-3,4.719078541E-3,1.079025269E-1
1.206670502E0,1.455593109E-2,1.070457697E-2,1.007194519E-1
1.216663829E0,4.979133606E-3,1.190167665E-2,1.007194519E-1
1.226662204E0,-2.203464508E-3,1.190167665E-2,1.138877869E-1
1.236655584E0,1.096463203E-2,7.113277912E-3,1.114931107E-1
1.246651408E0,3.782033920E-3,7.113277912E-3,1.102962494E-1
1.256694205E0,2.584934235E-3,4.719078541E-3,1.007194519E-1
1.266675623E0,1.216173172E-2,8.310377598E-3,9.712791443E-2
1.276696678E0,1.096463203E-2,1.190167665E-2,1.090993881E-1
1.286702455E0,3.782033920E-3,1.669007540E-2,1.114931107E-1
1.296681113E0,9.767532349E-3,7.113277912E-3,1.055078506E-1
1.306671231E0,1.387834549E-3,7.113277912E-3,8.874893188E-2
1.316660732E0,-5.794793367E-3,1.190167665E-2,1.043109894E-1
1.326657944E0,4.979133606E-3,1.908427477E-2,1.079025269E-1
1.336680319E0,1.455593109E-2,1.669007540E-2,1.174793243E-1
1.346667295E0,-1.006364822E-3,1.190167665E-2,1.114931107E-1
1.356674572E0,-6.991893053E-3,8.310377598E-3,8.156585693E-2
1.366664902E0,2.584934235E-3,1.190167665E-2,1.031141281E-1
1.376667125E0,1.387834549E-3,1.669007540E-2,1.150846481E-1
1.386660544E0,3.782033920E-3,-1.266419888E-3,1.031141281E-1
1.396664638E0,-3.400564194E-3,1.070457697E-2,1.031141281E-1
1.406663243E0,4.979133606E-3,5.916178226E-3,8.874893188E-2
1.416680699E0,2.584934235E-3,7.113277912E-3,8.396053314E-2
1.426701466E0,3.782033920E-3,1.309877634E-2,1.234645844E-1
1.436683349E0,8.570432663E-3,-3.660619259E-3,1.019163132E-1
1.446680906E0,4.979133606E-3,7.113277912E-3,9.114265442E-2
1.456671339E0,1.907348633E-4,1.309877634E-2,9.473419189E-2
1.466667363E0,-2.203464508E-3,4.719078541E-3,1.150846481E-1
1.476666413E0,-5.794793367E-3,9.507477283E-3,1.043109894E-1
1.486660169E0,-6.991893053E-3,5.916178226E-3,1.007194519E-1
1.496658489E0,-9.386092424E-3,4.719078541E-3,8.396053314E-2
1.506658265E0,1.907348633E-4,4.719078541E-3,8.994579315E-2
1.516685153E0,1.907348633E-4,8.310377598E-3,1.043109894E-1
1.526700250E0,-2.203464508E-3,4.719078541E-3,1.174793243E-1
1.536704587E0,6.176233292E-3,8.310377598E-3,1.114931107E-1
1.546720737E0,8.570432663E-3,2.324879169E-3,1.007194519E-1
1.556742196E0,4.979133606E-3,4.719078541E-3,1.007194519E-1
1.566698849E0,7.373332977E-3,4.719078541E-3,1.067047119E-1
1.576682560E0,1.387834549E-3,1.669007540E-2,1.102962494E-1
1.586667781E0,1.907348633E-4,1.127779484E-3,1.067047119E-1
1.596676564E0,-5.794793367E-3,1.070457697E-2,9.952259064E-2
1.606667302E0,-1.058319211E-2,5.916178226E-3,1.055078506E-1
1.616662460E0,-3.400564194E-3,1.669007540E-2,1.043109894E-1
1.626694712E0,-5.794793367E-3,9.507477283E-3,1.198730469E-1
1.636704684E0,-1.058319211E-2,9.507477283E-3,1.079025269E-1
1.646685362E0,-3.400564194E-3,7.113277912E-3,9.473419189E-2
1.656675682E0,1.907348633E-4,1.127779484E-3,8.755111694E-2
1.666667265E0,1.096463203E-2,1.549297571E-2,1.019163132E-1
1.676665941E0,1.216173172E-2,1.190167665E-2,1.031141281E-1
1.686656471E0,1.695013046E-2,2.324879169E-3,9.114265442E-2
1.696659506E0,9.767532349E-3,8.310377598E-3,1.090993881E-1
1.706652542E0,1.387834549E-3,7.113277912E-3,9.114265442E-2
1.716663618E0,8.570432663E-3,1.429587603E-2,1.150846481E-1
1.726664175E0,-1.006364822E-3,1.549297571E-2,1.138877869E-1
1.736661204E0,-1.006364822E-3,3.521978855E-3,1.114931107E-1
1.746662218E0,1.387834549E-3,3.521978855E-3,1.126909256E-1
1.756660379E0,-8.188992739E-3,7.113277912E-3,1.031141281E-1
1.766654902E0,2.584934235E-3,1.788717508E-2,9.353733063E-2
1.776667894E0,-3.400564194E-3,1.309877634E-2,1.067047119E-1
1.786669255E0,9.767532349E-3,8.310377598E-3,1.067047119E-1
1.796694282E0,1.907348633E-4,3.521978855E-3,1.055078506E-1
1.806674930E0,3.782033920E-3,3.521978855E-3,1.079025269E-1
1.816693773E0,-1.006364822E-3,7.113277912E-3,9.473419189E-2
1.826710983E0,2.584934235E-3,9.507477283E-3,1.007194519E-1
1.836687608E0,8.570432663E-3,8.310377598E-3,1.055078506E-1
1.846670786E0,1.387834549E-3,1.070457697E-2,1.102962494E-1
1.856660605E0,-6.991893053E-3,7.113277912E-3,1.055078506E-1
1.866662688E0,-2.203464508E-3,1.190167665E-2,9.832572937E-2
1.876675595E0,-4.597693682E-3,1.070457697E-2,9.233951569E-2
1.886663067E0,1.216173172E-2,1.309877634E-2,1.019163132E-1
1.896657419E0,-1.006364822E-3,9.507477283E-3,1.055078506E-1
1.906727633E0,-2.203464508E-3,7.113277912E-3,1.079025269E-1
1.916692606E0,2.584934235E-3,1.070457697E-2,1.090993881E-1
1.926678592E0,3.782033920E-3,5.916178226E-3,1.102962494E-1
1.936696412E0,6.176233292E-3,3.521978855E-3,8.755111694E-2
1.946672995E0,8.570432663E-3,8.310377598E-3,9.712791443E-2
1.956666383E0,1.907348633E-4,1.127779484E-3,1.067047119E-1
1.966677442E0,2.584934235E-3,1.127779484E-3,1.019163132E-1
1.976672741E0,4.979133606E-3,7.113277912E-3,8.755111694E-2
1.986665487E0,1.387834549E-3,9.507477283E-3,1.067047119E-1
1.996659033E0,-3.400564194E-3,2.324879169E-3,1.102962494E-1
2.006664556E0,2.584934235E-3,5.916178226E-3,1.019163132E-1
2.016658144E0,-1.006364822E-3,1.190167665E-2,1.126909256E-1
2.026691438E0,-1.006364822E-3,7.113277912E-3,9.712791443E-2
2.036672085E0,-1.006364822E-3,7.113277912E-3,9.593105316E-2
2.046664274E0,9.767532349E-3,5.916178226E-3,1.007194519E-1
2.056682561E0,7.373332977E-3,1.669007540E-2,1.007194519E-1
2.066691108E0,3.782033920E-3,7.113277912E-3,1.150846481E-1
2.076673574E0,3.782033920E-3,1.190167665E-2,8.874893188E-2
2.086689230E0,-3.400564194E-3,1.070457697E-2,9.593105316E-2
2.096683327E0,2.584934235E-3,1.190167665E-2,9.233951569E-2
2.106739010E0,3.782033920E-3,7.113277912E-3,1.055078506E-1
2.116707102E0,7.373332977E-3,4.719078541E-3,1.090993881E-1
2.126715148E0,1.387834549E-3,7.113277912E-3,1.234645844E-1
2.136708479E0,7.373332977E-3,5.916178226E-3,9.353733063E-2
2.146682086E0,-3.400564194E-3,1.127779484E-3,9.593105316E-2
2.156674005E0,3.782033920E-3,1.309877634E-2,1.019163132E-1
2.166697080E0,7.373332977E-3,8.310377598E-3,1.007194519E-1
2.176681291E0,1.387834549E-3,1.127779484E-3,1.055078506E-1
2.186675531E0,8.570432663E-3,3.521978855E-3,9.233951569E-2
2.196662824E0,3.782033920E-3,3.521978855E-3,1.090993881E-1
2.206720316E0,1.907348633E-4,7.113277912E-3,9.353733063E-2
2.216711986E0,1.096463203E-2,1.190167665E-2,9.952259064E-2
2.226719494E0,-4.597693682E-3,5.916178226E-3,1.102962494E-1
2.236697151E0,8.570432663E-3,8.310377598E-3,1.079025269E-1
2.246678903E0,2.584934235E-3,3.521978855E-3,9.353733063E-2
2.256691318E0,6.176233292E-3,1.669007540E-2,1.079025269E-1
2.266704717E0,-3.400564194E-3,1.429587603E-2,1.043109894E-1
2.276687609E0,2.584934235E-3,1.429587603E-2,1.007194519E-1
2.286670286E0,2.584934235E-3,1.309877634E-2,1.031141281E-1
2.296660605E0,6.176233292E-3,8.310377598E-3,1.079025269E-1
2.306657322E0,2.584934235E-3,4.719078541E-3,1.055078506E-1
2.316662546E0,3.782033920E-3,4.719078541E-3,9.832572937E-2
2.326695677E0,-2.203464508E-3,9.507477283E-3,1.067047119E-1
2.336675339E0,2.584934235E-3,1.190167665E-2,1.043109894E-1
2.346672689E0,-3.400564194E-3,1.309877634E-2,9.952259064E-2
2.356666441E0,7.373332977E-3,5.916178226E-3,9.832572937E-2
2.366668336E0,1.387834549E-3,8.310377598E-3,1.019163132E-1
2.376674534E0,1.216173172E-2,5.916178226E-3,9.353733063E-2
2.386665575E0,7.373332977E-3,1.309877634E-2,1.150846481E-1
2.396690269E0,8.570432663E-3,7.113277912E-3,1.055078506E-1
2.406673289E0,4.979133606E-3,9.507477283E-3,1.019163132E-1
2.416699703E0,-5.794793367E-3,3.521978855E-3,9.712791443E-2
2.426692621E0,1.907348633E-4,3.521978855E-3,1.114931107E-1
2.436672330E0,-2.203464508E-3,9.507477283E-3,1.102962494E-1
2.446667069E0,-2.203464508E-3,3.521978855E-3,1.007194519E-1
2.456665516E0,-1.006364822E-3,8.310377598E-3,1.126909256E-1
2.466722643E0,3.782033920E-3,3.521978855E-3,1.079025269E-1
2.476699495E0,-6.991893053E-3,8.310377598E-3,1.043109894E-1
2.486677075E0,6.176233292E-3,3.521978855E-3,9.952259064E-2
2.496663307E0,4.979133606E-3,2.147847414E-2,1.055078506E-1
2.506657673E0,7.373332977E-3,1.429587603E-2,1.031141281E-1
2.516654299E0,3.782033920E-3,4.719078541E-3,9.832572937E-2
2.526657477E0,1.216173172E-2,4.719078541E-3,8.994579315E-2
2.536656104E0,9.767532349E-3,9.507477283E-3,1.090993881E-1
2.546658745E0,1.387834549E-3,9.507477283E-3,1.067047119E-1
2.556656892E0,4.979133606E-3,1.309877634E-2,1.019163132E-1
2.566656081E0,1.096463203E-2,3.521978855E-3,9.832572937E-2
2.576668118E0,2.584934235E-3,-6.932020187E-5,1.019163132E-1
2.586662963E0,9.767532349E-3,3.521978855E-3,9.233951569E-2
2.596663213E0,1.907348633E-4,4.719078541E-3,1.079025269E-1
2.606708069E0,1.387834549E-3,1.070457697E-2,1.031141281E-1
2.616684150E0,2.584934235E-3,9.507477283E-3,9.233951569E-2
2.626675672E0,1.907348633E-4,8.310377598E-3,9.952259064E-2
2.636668606E0,1.387834549E-3,1.429587603E-2,1.138877869E-1
2.646669611E0,8.570432663E-3,1.309877634E-2,9.712791443E-2
2.656661460E0,7.373332977E-3,4.719078541E-3,1.090993881E-1
2.666684192E0,2.584934235E-3,1.070457697E-2,1.055078506E-1
2.676684308E0,6.176233292E-3,3.521978855E-3,9.593105316E-2
2.686776347E0,7.373332977E-3,1.309877634E-2,9.114265442E-2
2.696712328E0,4.979133606E-3,4.719078541E-3,1.186761856E-1
2.706681838E0,4.979133606E-3,2.324879169E-3,1.102962494E-1
2.716675689E0,-1.006364822E-3,-2.463519573E-3,9.832572937E-2
2.726747499E0,1.387834549E-3,1.549297571E-2,9.353733063E-2
2.736699000E0,6.176233292E-3,1.549297571E-2,8.874893188E-2
2.746685135E0,1.096463203E-2,1.309877634E-2,1.126909256E-1
2.756670760E0,-4.597693682E-3,2.324879169E-3,1.031141281E-1
2.766666630E0,1.907348633E-4,1.070457697E-2,8.396053314E-2
2.776667623E0,6.176233292E-3,4.719078541E-3,8.755111694E-2
2.786686312E0,1.934432983E-2,8.310377598E-3,1.150846481E-1
2.796672060E0,1.387834549E-3,1.429587603E-2,1.031141281E-1
2.806663723E0,-2.203464508E-3,4.719078541E-3,9.353733063E-2
2.816671227E0,1.387834549E-3,4.719078541E-3,1.031141281E-1
2.826707249E0,6.176233292E-3,-2.463519573E-3,9.952259064E-2
2.836687875E0,1.216173172E-2,9.507477283E-3,9.114265442E-2
2.846704323E0,1.335883141E-2,5.916178226E-3,9.712791443E-2
2.856675777E0,2.584934235E-3,9.507477283E-3,9.114265442E-2
2.866695427E0,4.979133606E-3,1.127779484E-3,1.043109894E-1
2.876718829E0,-1.006364822E-3,7.113277912E-3,1.150846481E-1
2.886698473E0,8.570432663E-3,8.310377598E-3,1.019163132E-1
2.896710602E0,6.176233292E-3,1.908427477E-2,9.233951569E-2
2.906684821E0,1.096463203E-2,8.310377598E-3,1.019163132E-1
2.916714257E0,-3.400564194E-3,2.324879169E-3,9.233951569E-2
2.926676456E0,2.584934235E-3,7.113277912E-3,9.593105316E-2
2.936657382E0,-1.006364822E-3,1.070457697E-2,9.712791443E-2
2.946646999E0,3.782033920E-3,8.310377598E-3,8.994579315E-2
2.956640346E0,4.979133606E-3,7.113277912E-3,1.114931107E-1
2.966638654E0,-1.006364822E-3,8.310377598E-3,9.832572937E-2
2.976661962E0,7.373332977E-3,4.719078541E-3,9.832572937E-2
2.986672058E0,1.096463203E-2,1.070457697E-2,1.055078506E-1
2.996674626E0,-3.400564194E-3,1.127779484E-3,1.055078506E-1
3.006670160E0,1.387834549E-3,9.507477283E-3,9.114265442E-2
3.016649715E0,-4.597693682E-3,8.310377598E-3,9.353733063E-2
3.026648262E0,8.570432663E-3,1.788717508E-2,1.150846481E-1
3.036642112E0,-1.006364822E-3,1.127779484E-3,9.233951569E-2
3.046634056E0,-1.006364822E-3,8.310377598E-3,1.019163132E-1
3.056631778E0,-1.006364822E-3,1.549297571E-2,9.712791443E-2
3.066649985E0,4.979133606E-3,1.070457697E-2,9.712791443E-2
3.076669358E0,4.979133606E-3,9.507477283E-3,1.114931107E-1
3.086652391E0,1.387834549E-3,-6.932020187E-5,9.712791443E-2
3.096644830E0,4.979133606E-3,8.310377598E-3,9.233951569E-2
3.106645281E0,8.570432663E-3,9.507477283E-3,1.090993881E-1
3.116677487E0,1.387834549E-3,1.549297571E-2,1.067047119E-1
3.126670436E0,1.335883141E-2,1.549297571E-2,1.031141281E-1
3.136656334E0,4.979133606E-3,9.507477283E-3,1.019163132E-1
3.146680167E0,-3.400564194E-3,5.916178226E-3,8.994579315E-2
3.156686891E0,-6.991893053E-3,7.113277912E-3,1.055078506E-1
3.166694715E0,1.387834549E-3,8.310377598E-3,1.031141281E-1
3.176674185E0,1.387834549E-3,4.719078541E-3,1.067047119E-1
3.186665035E0,4.979133606E-3,5.916178226E-3,8.036899567E-2
3.196668364E0,3.782033920E-3,1.070457697E-2,9.712791443E-2
3.206660278E0,4.979133606E-3,8.310377598E-3,9.952259064E-2
3.216665601E0,-1.006364822E-3,9.507477283E-3,9.114265442E-2
3.226690897E0,1.216173172E-2,1.127779484E-3,1.019163132E-1
3.236698853E0,4.979133606E-3,9.507477283E-3,9.952259064E-2
3.246806196E0,9.767532349E-3,1.127779484E-3,1.007194519E-1
3.256742118E0,8.570432663E-3,-2.463519573E-3,9.832572937E-2
3.266715963E0,1.455593109E-2,8.310377598E-3,9.593105316E-2
3.276687386E0,3.782033920E-3,-1.266419888E-3,1.019163132E-1
3.286679001E0,-6.991893053E-3,1.309877634E-2,9.114265442E-2
3.296666751E0,-2.203464508E-3,5.916178226E-3,9.952259064E-2
3.306685530E0,2.584934235E-3,8.310377598E-3,9.832572937E-2
3.316667304E0,8.570432663E-3,8.310377598E-3,1.043109894E-1
3.326693306E0,6.176233292E-3,1.070457697E-2,9.832572937E-2
3.336673961E0,4.979133606E-3,7.113277912E-3,9.593105316E-2
3.346803115E0,6.176233292E-3,7.113277912E-3,9.952259064E-2
3.356725077E0,7.373332977E-3,4.719078541E-3,1.174793243E-1
3.366696096E0,7.373332977E-3,3.521978855E-3,9.353733063E-2
3.376681664E0,6.176233292E-3,2.324879169E-3,8.515739441E-2
3.386664351E0,2.584934235E-3,1.429587603E-2,1.007194519E-1
3.396661772E0,1.907348633E-4,1.309877634E-2,1.055078506E-1
3.406661502E0,-6.991893053E-3,2.324879169E-3,1.055078506E-1
3.416657040E0,1.387834549E-3,-6.932020187E-5,9.233951569E-2
3.426668501E0,4.979133606E-3,1.070457697E-2,9.593105316E-2
3.436659924E0,3.782033920E-3,8.310377598E-3,1.019163132E-1
3.446668097E0,7.373332977E-3,1.070457697E-2,1.055078506E-1
3.456663972E0,8.570432663E-3,8.310377598E-3,1.150846481E-1
3.466671659E0,7.373332977E-3,-1.266419888E-3,8.156585693E-2
3.476680291E0,4.979133606E-3,-2.463519573E-3,7.318592072E-2
3.486711665E0,7.373332977E-3,1.309877634E-2,9.712791443E-2
3.496680910E0,4.979133606E-3,4.719078541E-3,1.138877869E-1
3.506665378E0,1.575303078E-2,5.916178226E-3,1.102962494E-1
3.516684497E0,-1.006364822E-3,-1.266419888E-3,9.473419189E-2
3.526703729E0,2.584934235E-3,4.719078541E-3,8.994579315E-2
3.536683922E0,4.979133606E-3,9.507477283E-3,9.593105316E-2
3.546801269E0,6.176233292E-3,1.190167665E-2,1.055078506E-1
3.556750289E0,1.387834549E-3,9.507477283E-3,1.114931107E-1
3.566705933E0,-3.400564194E-3,-1.266419888E-3,1.007194519E-1
3.576674121E0,-4.597693682E-3,4.719078541E-3,8.396053314E-2
3.586651945E0,1.907348633E-4,9.507477283E-3,9.353733063E-2
3.596640338E0,6.176233292E-3,1.429587603E-2,1.114931107E-1
3.606652111E0,7.373332977E-3,1.070457697E-2,1.007194519E-1
3.616667113E0,1.907348633E-4,8.310377598E-3,9.353733063E-2
3.626653903E0,1.907348633E-4,3.521978855E-3,9.353733063E-2
3.636659894E0,8.570432663E-3,5.916178226E-3,1.043109894E-1
3.646650274E0,9.767532349E-3,1.309877634E-2,1.019163132E-1
3.656642637E0,8.570432663E-3,8.310377598E-3,1.031141281E-1
3.666635761E0,4.979133606E-3,7.113277912E-3,9.593105316E-2
3.676672477E0,2.584934235E-3,8.310377598E-3,9.233951569E-2
3.686687219E0,2.584934235E-3,1.669007540E-2,9.952259064E-2
3.696707590E0,4.979133606E-3,4.719078541E-3,8.994579315E-2
3.706688487E0,-1.006364822E-3,8.310377598E-3,1.114931107E-1
3.716708109E0,1.907348633E-4,7.113277912E-3,9.952259064E-2
3.726730805E0,2.584934235E-3,8.310377598E-3,9.832572937E-2
3.737301480E0,-1.006364822E-3,1.070457697E-2,1.007194519E-1
3.746981567E0,3.782033920E-3,1.309877634E-2,1.055078506E-1
3.756813726E0,1.387834549E-3,1.127779484E-3,8.874893188E-2
3.766905152E0,3.782033920E-3,1.309877634E-2,9.712791443E-2
3.776784980E0,1.387834549E-3,8.310377598E-3,9.832572937E-2
3.786715894E0,8.570432663E-3,8.310377598E-3,1.055078506E-1
3.796682524E0,9.767532349E-3,5.916178226E-3,1.019163132E-1
3.806664974E0,-4.597693682E-3,8.310377598E-3,9.712791443E-2
3.816660679E0,6.176233292E-3,1.549297571E-2,9.353733063E-2
3.826656782E0,-2.203464508E-3,2.324879169E-3,1.031141281E-1
3.836647987E0,1.907348633E-4,1.070457697E-2,1.007194519E-1
3.846655090E0,-1.006364822E-3,1.190167665E-2,9.712791443E-2
3.856650680E0,1.387834549E-3,1.070457697E-2,9.593105316E-2
3.866657359E0,-3.400564194E-3,2.324879169E-3,1.031141281E-1
3.876677295E0,9.767532349E-3,1.070457697E-2,1.043109894E-1
3.886687936E0,6.176233292E-3,1.309877634E-2,9.712791443E-2
3.896703295E0,1.387834549E-3,-1.266419888E-3,1.007194519E-1
3.906686898E0,9.767532349E-3,1.190167665E-2,9.353733063E-2
3.916707872E0,-3.400564194E-3,1.127779484E-3,9.353733063E-2
3.926684994E0,1.575303078E-2,-6.932020187E-5,9.832572937E-2
3.936669478E0,1.335883141E-2,4.719078541E-3,9.952259064E-2
3.946667316E0,8.570432663E-3,1.429587603E-2,9.473419189E-2
3.956657696E0,3.782033920E-3,7.113277912E-3,9.473419189E-2
3.966662444E0,2.584934235E-3,8.310377598E-3,1.043109894E-1
3.976658030E0,6.176233292E-3,1.127779484E-3,1.007194519E-1
3.986667669E0,3.782033920E-3,-6.932020187E-5,9.473419189E-2
3.996662623E0,1.907348633E-4,5.916178226E-3,1.019163132E-1
4.006658062E0,1.907348633E-4,1.190167665E-2,1.102962494E-1
4.016688531E0,2.584934235E-3,7.113277912E-3,1.079025269E-1
4.026680419E0,-8.188992739E-3,3.521978855E-3,1.007194519E-1
4.036671671E0,2.584934235E-3,1.070457697E-2,1.031141281E-1
4.046664105E0,2.584934235E-3,1.429587603E-2,1.090993881E-1
4.056669726E0,1.335883141E-2,9.507477283E-3,9.832572937E-2
4.066667805E0,6.176233292E-3,3.521978855E-3,9.593105316E-2
4.076686749E0,8.570432663E-3,1.070457697E-2,9.353733063E-2
4.086668144E0,6.176233292E-3,5.916178226E-3,9.233951569E-2
4.096670091E0,-1.006364822E-3,5.916178226E-3,1.031141281E-1
4.106666930E0,3.782033920E-3,1.309877634E-2,9.712791443E-2
4.116665446E0,3.782033920E-3,7.113277912E-3,9.952259064E-2
4.126659281E0,2.584934235E-3,1.309877634E-2,9.473419189E-2
4.136659064E0,-2.203464508E-3,1.309877634E-2,9.593105316E-2
4.146659570E0,-5.794793367E-3,1.127779484E-3,9.473419189E-2
4.156652958E0,-4.597693682E-3,7.113277912E-3,1.031141281E-1
4.166658037E0,7.373332977E-3,7.113277912E-3,1.031141281E-1
4.176664672E0,3.782033920E-3,8.310377598E-3,9.832572937E-2
4.186662009E0,4.979133606E-3,1.309877634E-2,1.090993881E-1
4.196653985E0,2.584934235E-3,9.507477283E-3,9.952259064E-2
4.206673896E0,3.782033920E-3,-6.932020187E-5,1.090993881E-1
4.216664890E0,-1.006364822E-3,4.719078541E-3,1.067047119E-1
4.226661291E0,2.584934235E-3,7.113277912E-3,9.712791443E-2
4.236651588E0,4.979133606E-3,9.507477283E-3,1.090993881E-1
4.246658602E0,3.782033920E-3,1.070457697E-2,1.055078506E-1
4.256673955E0,4.979133606E-3,7.113277912E-3,1.019163132E-1
4.266669189E0,-3.400564194E-3,9.507477283E-3,1.007194519E-1
4.276684075E0,1.387834549E-3,8.310377598E-3,1.150846481E-1
4.286686691E0,2.584934235E-3,5.916178226E-3,1.043109894E-1
4.296673384E0,1.907348633E-4,1.190167665E-2,9.832572937E-2
4.306699500E0,1.387834549E-3,1.309877634E-2,1.114931107E-1
4.316690038E0,1.387834549E-3,8.310377598E-3,9.712791443E-2
4.326701807E0,-3.400564194E-3,1.190167665E-2,1.031141281E-1
4.336680057E0,8.570432663E-3,9.507477283E-3,1.079025269E-1
4.346670240E0,7.373332977E-3,1.908427477E-2,9.473419189E-2
4.356662581E0,1.335883141E-2,8.310377598E-3,1.067047119E-1
4.366658963E0,-1.006364822E-3,1.309877634E-2,1.019163132E-1
4.376654885E0,3.782033920E-3,-6.932020187E-5,1.114931107E-1
4.386656481E0,4.979133606E-3,-1.266419888E-3,1.067047119E-1
4.396658144E0,1.387834549E-3,9.507477283E-3,9.832572937E-2
4.406656456E0,1.387834549E-3,1.669007540E-2,9.473419189E-2
4.416661536E0,3.782033920E-3,9.507477283E-3,1.043109894E-1
4.426656845E0,3.782033920E-3,5.916178226E-3,1.007194519E-1
4.436656480E0,6.176233292E-3,-6.932020187E-5,9.233951569E-2
4.446687182E0,2.584934235E-3,1.190167665E-2,9.473419189E-2
4.456677206E0,1.907348633E-4,1.669007540E-2,9.353733063E-2
4.466677353E0,9.767532349E-3,1.669007540E-2,1.067047119E-1
4.476661561E0,1.907348633E-4,1.429587603E-2,1.090993881E-1
4.486659300E0,4.979133606E-3,-2.463519573E-3,9.952259064E-2
4.496697919E0,4.979133606E-3,8.310377598E-3,8.994579315E-2
4.506676748E0,1.096463203E-2,5.916178226E-3,9.233951569E-2
4.516660797E0,-8.188992739E-3,1.549297571E-2,1.007194519E-1
4.526656668E0,-4.597693682E-3,2.267557383E-2,1.102962494E-1
4.536660565E0,4.979133606E-3,5.916178226E-3,1.126909256E-1
4.546662975E0,8.570432663E-3,2.324879169E-3,1.067047119E-1
4.556661276E0,-2.203464508E-3,1.070457697E-2,1.090993881E-1
4.566658119E0,6.176233292E-3,7.113277912E-3,9.832572937E-2
4.576654559E0,8.570432663E-3,1.190167665E-2,1.007194519E-1
4.586671856E0,1.216173172E-2,1.429587603E-2,1.043109894E-1
4.596672697E0,4.979133606E-3,1.190167665E-2,1.019163132E-1
4.606666848E0,7.373332977E-3,4.719078541E-3,1.031141281E-1
4.616664039E0,1.387834549E-3,5.916178226E-3,1.007194519E-1
4.626661577E0,9.767532349E-3,9.507477283E-3,1.114931107E-1
4.636674788E0,7.373332977E-3,7.113277912E-3,1.007194519E-1
4.646704355E0,9.767532349E-3,4.719078541E-3,1.079025269E-1
4.656676831E0,9.767532349E-3,4.719078541E-3,1.090993881E-1
4.666671281E0,-5.794793367E-3,7.113277912E-3,9.712791443E-2
4.676663198E0,7.373332977E-3,9.507477283E-3,9.952259064E-2
4.686690387E0,7.373332977E-3,4.719078541E-3,1.126909256E-1
4.696680597E0,8.570432663E-3,2.324879169E-3,9.832572937E-2
4.706666221E0,-1.006364822E-3,1.070457697E-2,1.067047119E-1
4.716660091E0,1.387834549E-3,3.521978855E-3,1.079025269E-1
4.726672891E0,2.584934235E-3,1.309877634E-2,1.007194519E-1
4.736659291E0,1.096463203E-2,1.309877634E-2,1.019163132E-1
4.746671934E0,3.782033920E-3,8.310377598E-3,9.593105316E-2
4.756672390E0,7.373332977E-3,2.324879169E-3,1.090993881E-1
4.766693752E0,-2.203464508E-3,7.113277912E-3,1.043109894E-1
4.776697414E0,2.584934235E-3,3.521978855E-3,9.952259064E-2
4.786673611E0,8.570432663E-3,5.916178226E-3,1.019163132E-1
4.796667901E0,-2.203464508E-3,8.310377598E-3,1.055078506E-1
4.806658066E0,-2.203464508E-3,5.916178226E-3,1.031141281E-1
4.816661994E0,-2.203464508E-3,3.521978855E-3,1.031141281E-1
4.826677843E0,7.373332977E-3,9.507477283E-3,1.067047119E-1
4.836697594E0,1.096463203E-2,5.916178226E-3,1.055078506E-1
4.846709316E0,2.584934235E-3,1.429587603E-2,9.952259064E-2
4.856707273E0,1.907348633E-4,5.916178226E-3,1.055078506E-1
4.866711982E0,9.767532349E-3,4.719078541E-3,1.055078506E-1
4.876684568E0,-3.400564194E-3,1.190167665E-2,1.043109894E-1
4.886673438E0,1.387834549E-3,5.916178226E-3,1.007194519E-1
4.896670411E0,2.584934235E-3,4.719078541E-3,1.043109894E-1
4.906669455E0,1.575303078E-2,1.127779484E-3,1.043109894E-1
4.916664881E0,6.176233292E-3,1.429587603E-2,1.079025269E-1
4.926658152E0,-2.203464508E-3,1.070457697E-2,1.055078506E-1
4.936657653E0,-2.203464508E-3,4.719078541E-3,1.067047119E-1
4.946694365E0,1.387834549E-3,2.324879169E-3,9.712791443E-2
4.956676682E0,3.782033920E-3,8.310377598E-3,1.043109894E-1
4.966703302E0,2.584934235E-3,9.507477283E-3,1.007194519E-1
4.976709708E0,1.387834549E-3,9.507477283E-3,1.007194519E-1
4.986688700E0,6.176233292E-3,2.324879169E-3,1.031141281E-1
4.996685523E0,1.907348633E-4,9.507477283E-3,1.019163132E-1
5.006669357E0,7.373332977E-3,3.521978855E-3,9.473419189E-2
5.016688255E0,-2.203464508E-3,1.190167665E-2,1.102962494E-1
5.026668127E0,6.176233292E-3,9.507477283E-3,1.102962494E-1
5.036660986E0,2.584934235E-3,5.916178226E-3,9.593105316E-2
5.046693358E0,1.335883141E-2,2.324879169E-3,1.090993881E-1
5.056672352E0,-1.006364822E-3,4.719078541E-3,1.067047119E-1
5.066697772E0,1.907348633E-4,7.113277912E-3,9.114265442E-2
5.076680674E0,-2.203464508E-3,1.788717508E-2,1.007194519E-1
5.086676510E0,1.387834549E-3,-2.463519573E-3,1.102962494E-1
5.096681370E0,3.782033920E-3,7.113277912E-3,1.079025269E-1
5.106675204E0,-2.203464508E-3,1.429587603E-2,9.952259064E-2
5.116663429E0,-2.203464508E-3,5.916178226E-3,1.043109894E-1
5.126655945E0,1.907348633E-4,7.113277912E-3,1.043109894E-1
5.136651511E0,4.979133606E-3,7.113277912E-3,1.090993881E-1
5.146690486E0,1.907348633E-4,1.190167665E-2,1.114931107E-1
5.156703589E0,-1.006364822E-3,7.113277912E-3,9.832572937E-2
5.166684025E0,1.907348633E-4,3.521978855E-3,1.055078506E-1
5.176671512E0,2.584934235E-3,3.521978855E-3,1.031141281E-1
5.186664390E0,4.979133606E-3,1.070457697E-2,9.712791443E-2
5.196664502E0,1.335883141E-2,4.719078541E-3,1.102962494E-1
5.206656289E0,1.335883141E-2,2.324879169E-3,1.007194519E-1
5.216678048E0,1.096463203E-2,1.070457697E-2,9.832572937E-2
5.226688466E0,7.373332977E-3,1.549297571E-2,9.712791443E-2
5.236672348E0,4.979133606E-3,1.549297571E-2,1.174793243E-1
5.246665770E0,4.979133606E-3,3.521978855E-3,1.055078506E-1
5.256685019E0,1.907348633E-4,2.324879169E-3,9.952259064E-2
5.266716336E0,4.979133606E-3,7.113277912E-3,1.079025269E-1
5.276691225E0,9.767532349E-3,8.310377598E-3,1.102962494E-1
5.286679612E0,8.570432663E-3,1.190167665E-2,9.952259064E-2
5.296670806E0,7.373332977E-3,8.310377598E-3,1.090993881E-1
5.306684729E0,1.096463203E-2,7.113277912E-3,9.712791443E-2
5.316675922E0,1.907348633E-4,1.127779484E-3,9.832572937E-2
5.326662884E0,4.979133606E-3,1.070457697E-2,1.114931107E-1
5.336694557E0,8.570432663E-3,8.310377598E-3,1.019163132E-1
5.346712143E0,-6.991893053E-3,1.127779484E-3,1.114931107E-1
5.356685609E0,1.387834549E-3,9.507477283E-3,1.114931107E-1
5.366672419E0,1.387834549E-3,1.309877634E-2,1.031141281E-1
5.376665190E0,4.979133606E-3,9.507477283E-3,1.126909256E-1
5.386660364E0,-1.006364822E-3,1.309877634E-2,1.055078506E-1
5.396656662E0,-1.058319211E-2,9.507477283E-3,1.043109894E-1
5.406658004E0,-2.203464508E-3,7.113277912E-3,1.079025269E-1
5.416658790E0,6.176233292E-3,2.324879169E-3,1.055078506E-1
5.426656087E0,-2.203464508E-3,8.310377598E-3,1.114931107E-1
5.436660351E0,3.782033920E-3,1.070457697E-2,1.150846481E-1
5.446663310E0,1.387834549E-3,1.309877634E-2,9.593105316E-2
5.456683712E0,7.373332977E-3,1.309877634E-2,1.031141281E-1
5.466681240E0,4.979133606E-3,8.310377598E-3,9.593105316E-2
5.476670427E0,9.767532349E-3,1.070457697E-2,1.043109894E-1
5.486669328E0,4.979133606E-3,4.719078541E-3,9.832572937E-2
5.496666010E0,7.373332977E-3,8.310377598E-3,1.055078506E-1
5.506658485E0,4.979133606E-3,-1.266419888E-3,1.043109894E-1
5.516653819E0,6.176233292E-3,7.113277912E-3,1.043109894E-1
5.526661313E0,-9.386092424E-3,1.309877634E-2,1.162815094E-1
5.536663291E0,-2.203464508E-3,1.127779484E-3,1.043109894E-1
5.546665972E0,-1.006364822E-3,9.507477283E-3,1.055078506E-1
5.556662562E0,6.176233292E-3,1.070457697E-2,1.019163132E-1
5.566656588E0,-1.006364822E-3,9.507477283E-3,1.031141281E-1
5.576655120E0,-2.203464508E-3,1.309877634E-2,1.055078506E-1
5.586654136E0,3.782033920E-3,7.113277912E-3,9.952259064E-2
5.596667548E0,4.979133606E-3,1.549297571E-2,1.031141281E-1
5.606715908E0,-2.203464508E-3,8.310377598E-3,1.031141281E-1
5.616681588E0,8.570432663E-3,-6.932020187E-5,1.090993881E-1
5.626667486E0,7.373332977E-3,3.521978855E-3,1.019163132E-1
5.636673069E0,6.176233292E-3,1.190167665E-2,1.043109894E-1
5.646668130E0,-5.794793367E-3,1.190167665E-2,9.952259064E-2
5.656659237E0,1.907348633E-4,8.310377598E-3,9.832572937E-2
5.666666156E0,-2.203464508E-3,3.521978855E-3,1.067047119E-1
5.676662693E0,9.767532349E-3,1.127779484E-3,1.114931107E-1
5.686674192E0,2.584934235E-3,5.916178226E-3,9.593105316E-2
5.696673595E0,1.387834549E-3,3.521978855E-3,1.007194519E-1
5.706687393E0,4.979133606E-3,9.507477283E-3,1.067047119E-1
5.716677638E0,1.216173172E-2,1.070457697E-2,9.473419189E-2
5.726665165E0,4.979133606E-3,4.719078541E-3,9.832572937E-2
5.736660447E0,4.979133606E-3,5.916178226E-3,1.114931107E-1
5.746697588E0,8.570432663E-3,7.113277912E-3,1.090993881E-1
5.756683082E0,2.584934235E-3,3.521978855E-3,1.043109894E-1
5.766667156E0,9.767532349E-3,9.507477283E-3,9.593105316E-2
5.776656039E0,2.584934235E-3,1.127779484E-3,1.031141281E-1
5.786695750E0,2.584934235E-3,1.190167665E-2,1.067047119E-1
5.796689759E0,7.373332977E-3,9.507477283E-3,1.174793243E-1
5.806675071E0,9.767532349E-3,7.113277912E-3,1.067047119E-1
5.816660727E0,3.782033920E-3,1.309877634E-2,1.043109894E-1
5.826680574E0,2.584934235E-3,3.521978855E-3,1.055078506E-1
5.836673209E0,8.570432663E-3,-6.932020187E-5,1.067047119E-1
5.846663623E0,3.782033920E-3,7.113277912E-3,1.043109894E-1
5.856656715E0,4.979133606E-3,5.916178226E-3,1.007194519E-1
5.866690588E0,1.335883141E-2,8.310377598E-3,1.102962494E-1
5.876674563E0,1.387834549E-3,7.113277912E-3,1.150846481E-1
5.886668935E0,-1.006364822E-3,3.521978855E-3,1.043109894E-1
5.896663005E0,-1.006364822E-3,8.310377598E-3,9.593105316E-2
5.906654636E0,2.584934235E-3,7.113277912E-3,9.593105316E-2
5.916696183E0,6.176233292E-3,7.113277912E-3,1.019163132E-1
5.926671245E0,1.907348633E-4,7.113277912E-3,1.162815094E-1
5.936675218E0,-4.597693682E-3,-7.251918316E-3,1.079025269E-1
5.946675051E0,-2.203464508E-3,2.324879169E-3,1.079025269E-1
5.956669082E0,3.782033920E-3,4.719078541E-3,1.126909256E-1
5.966658021E0,2.584934235E-3,4.719078541E-3,1.043109894E-1
5.976677875E0,2.584934235E-3,8.310377598E-3,9.593105316E-2
5.986673225E0,-1.006364822E-3,-2.463519573E-3,1.150846481E-1
5.996671823E0,4.979133606E-3,1.429587603E-2,9.712791443E-2
6.006667911E0,3.782033920E-3,2.324879169E-3,1.007194519E-1
6.016659262E0,1.907348633E-4,1.429587603E-2,1.007194519E-1
6.026655226E0,3.782033920E-3,7.113277912E-3,1.019163132E-1
6.036659593E0,1.455593109E-2,7.113277912E-3,1.067047119E-1
6.046655103E0,4.979133606E-3,7.113277912E-3,9.114265442E-2
6.056652185E0,1.387834549E-3,1.309877634E-2,1.079025269E-1
6.066691726E0,3.782033920E-3,5.916178226E-3,1.079025269E-1
6.076674612E0,-1.006364822E-3,8.310377598E-3,9.712791443E-2
6.086706748E0,1.096463203E-2,2.324879169E-3,1.019163132E-1
6.096717258E0,1.575303078E-2,1.070457697E-2,1.114931107E-1
6.106682455E0,1.814723015E-2,5.916178226E-3,9.952259064E-2
6.116678631E0,1.096463203E-2,1.309877634E-2,1.055078506E-1
6.126671969E0,1.455593109E-2,7.113277912E-3,1.138877869E-1
6.136672291E0,9.767532349E-3,5.916178226E-3,1.043109894E-1
6.146703664E0,2.584934235E-3,1.070457697E-2,1.031141281E-1
6.156692466E0,1.455593109E-2,4.719078541E-3,1.126909256E-1
6.166670001E0,6.176233292E-3,1.070457697E-2,9.593105316E-2
6.176662711E0,6.176233292E-3,7.113277912E-3,1.007194519E-1
6.186661085E0,3.782033920E-3,5.916178226E-3,1.067047119E-1
6.196675599E0,1.387834549E-3,4.719078541E-3,1.102962494E-1
6.206716472E0,6.176233292E-3,1.309877634E-2,1.055078506E-1
6.216776504E0,2.584934235E-3,1.190167665E-2,1.055078506E-1
6.226713809E0,6.176233292E-3,7.113277912E-3,1.150846481E-1
6.236721865E0,1.907348633E-4,7.113277912E-3,1.174793243E-1
6.246696605E0,-3.400564194E-3,8.310377598E-3,1.055078506E-1
6.256675706E0,3.782033920E-3,9.507477283E-3,1.067047119E-1
6.266675660E0,-8.188992739E-3,8.310377598E-3,1.055078506E-1
6.276687348E0,1.216173172E-2,1.190167665E-2,8.994579315E-2
6.286682808E0,2.584934235E-3,8.310377598E-3,1.007194519E-1
6.296695557E0,-2.203464508E-3,4.719078541E-3,1.102962494E-1
6.306669720E0,6.176233292E-3,4.719078541E-3,1.126909256E-1
6.316697994E0,-4.597693682E-3,7.113277912E-3,9.952259064E-2
6.326710035E0,6.176233292E-3,3.521978855E-3,1.055078506E-1
6.336687632E0,3.782033920E-3,1.309877634E-2,9.832572937E-2
6.346704411E0,3.782033920E-3,1.070457697E-2,1.031141281E-1
6.356708878E0,9.767532349E-3,9.507477283E-3,1.114931107E-1
6.366683380E0,4.979133606E-3,1.309877634E-2,9.593105316E-2
6.376666439E0,4.979133606E-3,5.916178226E-3,1.019163132E-1
6.386684046E0,3.782033920E-3,1.309877634E-2,1.055078506E-1
6.396682426E0,-3.400564194E-3,9.507477283E-3,1.114931107E-1
6.407140731E0,1.216173172E-2,7.113277912E-3,1.079025269E-1
6.416898326E0,7.373332977E-3,-6.932020187E-5,1.126909256E-1
6.426773547E0,8.570432663E-3,2.324879169E-3,9.712791443E-2
6.436718350E0,2.584934235E-3,5.916178226E-3,1.019163132E-1
6.446693174E0,1.907348633E-4,4.719078541E-3,1.043109894E-1
6.456680259E0,4.979133606E-3,8.310377598E-3,1.210699081E-1
6.466665167E0,6.176233292E-3,1.127779484E-3,1.007194519E-1
6.476670890E0,-1.006364822E-3,5.916178226E-3,9.114265442E-2
6.486674233E0,3.782033920E-3,1.070457697E-2,9.114265442E-2
6.496679096E0,2.584934235E-3,8.310377598E-3,1.055078506E-1
6.506663374E0,7.373332977E-3,-2.463519573E-3,1.114931107E-1
6.516687994E0,8.570432663E-3,-1.266419888E-3,1.055078506E-1
6.526663131E0,6.176233292E-3,1.127779484E-3,8.036899567E-2
6.536648584E0,3.782033920E-3,5.916178226E-3,9.473419189E-2
6.546650176E0,4.979133606E-3,4.719078541E-3,1.102962494E-1
6.556640029E0,-1.006364822E-3,3.521978855E-3,1.102962494E-1
6.566637014E0,9.767532349E-3,5.916178226E-3,1.043109894E-1
6.576639775E0,-1.006364822E-3,8.310377598E-3,1.055078506E-1
6.586639098E0,6.176233292E-3,8.310377598E-3,9.952259064E-2
6.596641029E0,-3.400564194E-3,8.310377598E-3,9.832572937E-2
6.606639975E0,1.387834549E-3,3.521978855E-3,1.043109894E-1
6.616638640E0,-4.597693682E-3,8.310377598E-3,9.593105316E-2
6.626639300E0,1.907348633E-4,4.719078541E-3,1.055078506E-1
6.636641014E0,-2.203464508E-3,9.507477283E-3,1.138877869E-1
6.646642083E0,2.584934235E-3,9.507477283E-3,1.114931107E-1
6.656636156E0,9.767532349E-3,5.916178226E-3,1.079025269E-1
6.666648116E0,1.387834549E-3,4.719078541E-3,9.593105316E-2
6.676656346E0,9.767532349E-3,9.507477283E-3,9.952259064E-2
6.686643768E0,-3.400564194E-3,9.507477283E-3,8.874893188E-2
6.696660537E0,-1.006364822E-3,1.429587603E-2,9.952259064E-2
6.706647575E0,1.907348633E-4,7.113277912E-3,1.043109894E-1
6.716642267E0,1.387834549E-3,5.916178226E-3,1.031141281E-1
6.726645133E0,3.782033920E-3,4.719078541E-3,1.007194519E-1
6.736657142E0,2.584934235E-3,9.507477283E-3,1.090993881E-1
6.746660243E0,7.373332977E-3,1.309877634E-2,1.031141281E-1
6.756657755E0,2.584934235E-3,2.324879169E-3,9.473419189E-2
6.766659261E0,2.584934235E-3,5.916178226E-3,1.019163132E-1
6.776654687E0,4.979133606E-3,4.719078541E-3,1.102962494E-1
6.786653862E0,-1.006364822E-3,1.669007540E-2,8.874893188E-2
6.796687699E0,1.387834549E-3,1.309877634E-2,9.353733063E-2
6.806681387E0,1.335883141E-2,8.310377598E-3,1.126909256E-1
6.816667423E0,-3.400564194E-3,7.113277912E-3,9.952259064E-2
6.826662845E0,-5.794793367E-3,-6.932020187E-5,9.353733063E-2
6.836661171E0,6.176233292E-3,5.916178226E-3,1.043109894E-1
6.846666834E0,3.782033920E-3,9.507477283E-3,9.593105316E-2
6.856664320E0,1.387834549E-3,1.070457697E-2,1.031141281E-1
6.866658371E0,3.782033920E-3,9.507477283E-3,1.007194519E-1
6.876677934E0,9.767532349E-3,1.549297571E-2,1.007194519E-1
6.886693716E0,3.782033920E-3,8.310377598E-3,9.593105316E-2
6.896675203E0,7.373332977E-3,-6.932020187E-5,1.019163132E-1
6.906668600E0,8.570432663E-3,1.309877634E-2,1.007194519E-1
6.916668453E0,-3.400564194E-3,2.324879169E-3,1.031141281E-1
6.926672225E0,1.907348633E-4,1.788717508E-2,9.952259064E-2
6.936665515E0,2.584934235E-3,2.324879169E-3,9.233951569E-2
6.946656891E0,1.387834549E-3,4.719078541E-3,9.712791443E-2
6.956652329E0,-1.006364822E-3,2.324879169E-3,8.515739441E-2
6.966659913E0,-4.597693682E-3,4.719078541E-3,1.019163132E-1
6.976658398E0,-3.400564194E-3,1.127779484E-3,9.473419189E-2
6.986649909E0,4.979133606E-3,1.190167665E-2,1.055078506E-1
6.996649569E0,9.767532349E-3,2.324879169E-3,1.079025269E-1
7.006654726E0,2.584934235E-3,7.113277912E-3,9.114265442E-2
7.016686804E0,8.570432663E-3,1.070457697E-2,8.874893188E-2
7.026675920E0,-2.203464508E-3,1.549297571E-2,1.019163132E-1
7.036664863E0,3.782033920E-3,4.719078541E-3,9.233951569E-2
7.046963142E0,-4.597693682E-3,1.070457697E-2,1.043109894E-1
7.056815224E0,7.373332977E-3,2.324879169E-3,8.874893188E-2
7.066734669E0,7.373332977E-3,7.113277912E-3,9.712791443E-2
7.076721218E0,-6.991893053E-3,1.190167665E-2,1.007194519E-1
7.086690416E0,-1.006364822E-3,1.190167665E-2,8.276271820E-2
7.096669630E0,1.387834549E-3,2.324879169E-3,1.150846481E-1
7.106663814E0,1.907348633E-4,4.719078541E-3,1.055078506E-1
7.116666560E0,-4.597693682E-3,5.916178226E-3,9.952259064E-2
7.126665683E0,8.570432663E-3,9.507477283E-3,9.114265442E-2
7.136667763E0,3.782033920E-3,1.669007540E-2,1.007194519E-1
7.146701265E0,2.584934235E-3,1.070457697E-2,1.090993881E-1
7.156708112E0,3.782033920E-3,7.113277912E-3,1.007194519E-1
7.166699420E0,1.096463203E-2,1.127779484E-3,1.090993881E-1
7.176711978E0,1.907348633E-4,-3.660619259E-3,8.874893188E-2
7.186684026E0,9.767532349E-3,1.190167665E-2,9.712791443E-2
7.196724127E0,2.584934235E-3,1.127779484E-3,9.233951569E-2
7.206689832E0,8.570432663E-3,5.916178226E-3,9.952259064E-2
7.216675338E0,1.907348633E-4,1.309877634E-2,9.952259064E-2
7.226661706E0,6.176233292E-3,5.916178226E-3,9.593105316E-2
7.236660160E0,9.767532349E-3,9.507477283E-3,1.055078506E-1
7.246728810E0,-4.597693682E-3,1.429587603E-2,9.353733063E-2
7.256687808E0,1.387834549E-3,7.113277912E-3,1.019163132E-1
7.266677134E0,-2.203464508E-3,5.916178226E-3,9.832572937E-2
7.276688931E0,-2.203464508E-3,1.549297571E-2,9.233951569E-2
7.286668657E0,-5.794793367E-3,2.324879169E-3,9.593105316E-2
7.296711058E0,3.782033920E-3,1.190167665E-2,1.067047119E-1
7.306683989E0,6.176233292E-3,1.190167665E-2,1.043109894E-1
7.316709359E0,-1.006364822E-3,8.310377598E-3,1.067047119E-1
7.326684871E0,3.782033920E-3,4.719078541E-3,9.952259064E-2
7.336664838E0,2.584934235E-3,4.719078541E-3,9.952259064E-2
7.346677475E0,-1.006364822E-3,1.788717508E-2,9.712791443E-2
7.356684236E0,-2.203464508E-3,9.507477283E-3,1.031141281E-1
7.366693194E0,-4.597693682E-3,4.719078541E-3,9.233951569E-2
7.376707788E0,2.584934235E-3,5.916178226E-3,9.353733063E-2
7.386680277E0,6.176233292E-3,9.507477283E-3,1.007194519E-1
7.396694060E0,1.216173172E-2,-1.266419888E-3,1.079025269E-1
7.406682163E0,1.907348633E-4,9.507477283E-3,1.067047119E-1
7.416686734E0,2.584934235E-3,4.719078541E-3,9.593105316E-2
7.426667558E0,1.907348633E-4,9.507477283E-3,1.007194519E-1
7.436666835E0,6.176233292E-3,1.309877634E-2,9.832572937E-2
7.446662243E0,1.216173172E-2,5.916178226E-3,9.473419189E-2
7.456663370E0,-1.006364822E-3,9.507477283E-3,1.043109894E-1
7.466669222E0,1.387834549E-3,-6.932020187E-5,9.832572937E-2
7.476663571E0,6.176233292E-3,-1.266419888E-3,8.396053314E-2
7.486664707E0,3.782033920E-3,9.507477283E-3,9.593105316E-2
7.496660045E0,1.216173172E-2,1.070457697E-2,1.162815094E-1
7.506667483E0,-6.991893053E-3,1.429587603E-2,1.150846481E-1
7.516669086E0,-1.006364822E-3,5.916178226E-3,1.019163132E-1
7.526665849E0,3.782033920E-3,5.916178226E-3,1.007194519E-1
7.536664269E0,1.907348633E-4,7.113277912E-3,8.036899567E-2
7.546658479E0,2.584934235E-3,1.190167665E-2,8.755111694E-2
7.556656450E0,1.216173172E-2,1.309877634E-2,9.952259064E-2
7.566661281E0,1.907348633E-4,-6.932020187E-5,8.755111694E-2
7.576663601E0,8.570432663E-3,7.113277912E-3,8.396053314E-2
7.586666145E0,9.767532349E-3,1.669007540E-2,1.043109894E-1
7.596662225E0,1.387834549E-3,9.507477283E-3,8.036899567E-2
7.606665207E0,4.979133606E-3,5.916178226E-3,8.515739441E-2
7.616660621E0,1.216173172E-2,7.113277912E-3,1.019163132E-1
7.626658809E0,-1.006364822E-3,1.070457697E-2,9.353733063E-2
7.636664519E0,8.570432663E-3,-2.463519573E-3,9.832572937E-2
7.646660201E0,4.979133606E-3,9.507477283E-3,1.067047119E-1
7.656664349E0,4.979133606E-3,4.719078541E-3,1.031141281E-1
7.666671404E0,-3.400564194E-3,9.507477283E-3,8.156585693E-2
7.676667720E0,-1.006364822E-3,9.507477283E-3,9.114265442E-2
7.686695166E0,-4.597693682E-3,1.070457697E-2,1.055078506E-1
7.696679639E0,-8.188992739E-3,9.507477283E-3,1.102962494E-1
7.706674741E0,-2.203464508E-3,3.521978855E-3,1.090993881E-1
7.716676927E0,-4.597693682E-3,7.113277912E-3,9.233951569E-2
7.727018885E0,9.767532349E-3,7.113277912E-3,7.797431946E-2
7.736838922E0,6.176233292E-3,1.788717508E-2,8.874893188E-2
7.746746921E0,4.979133606E-3,1.190167665E-2,1.079025269E-1
7.756694825E0,1.695013046E-2,-6.054818630E-3,1.126909256E-1
7.766713430E0,3.782033920E-3,-3.660619259E-3,9.832572937E-2
7.776684175E0,1.216173172E-2,2.324879169E-3,9.114265442E-2
7.786669067E0,1.216173172E-2,1.309877634E-2,8.994579315E-2
7.796663628E0,3.782033920E-3,1.429587603E-2,9.593105316E-2
7.806661159E0,4.979133606E-3,-6.932020187E-5,1.114931107E-1
7.816659597E0,1.387834549E-3,3.521978855E-3,9.233951569E-2
7.826653413E0,-2.203464508E-3,1.070457697E-2,8.635425568E-2
7.836667474E0,-4.597693682E-3,7.113277912E-3,8.874893188E-2
7.846663966E0,-4.597693682E-3,1.669007540E-2,1.067047119E-1
7.856663462E0,3.782033920E-3,2.147847414E-2,1.126909256E-1
7.866692499E0,-4.597693682E-3,9.507477283E-3,1.079025269E-1
7.876699883E0,1.387834549E-3,2.324879169E-3,9.593105316E-2
7.886687440E0,9.767532349E-3,1.309877634E-2,1.079025269E-1
7.896667834E0,7.373332977E-3,8.310377598E-3,1.079025269E-1
7.906665454E0,1.216173172E-2,5.916178226E-3,9.952259064E-2
7.916696187E0,1.455593109E-2,1.127779484E-3,7.558059692E-2
7.926676169E0,1.907348633E-4,3.521978855E-3,7.438373566E-2
7.936666179E0,1.907348633E-4,1.070457697E-2,9.593105316E-2
7.946656165E0,-4.597693682E-3,9.507477283E-3,1.210699081E-1
7.956652177E0,3.782033920E-3,4.719078541E-3,1.055078506E-1
7.966692241E0,-1.058319211E-2,5.916178226E-3,8.396053314E-2
7.976677869E0,-5.794793367E-3,1.309877634E-2,9.593105316E-2
7.986671010E0,1.387834549E-3,1.549297571E-2,1.126909256E-1
7.996691677E0,1.387834549E-3,1.070457697E-2,9.473419189E-2
8.006674799E0,-1.006364822E-3,9.507477283E-3,9.473419189E-2
8.016694725E0,6.176233292E-3,5.916178226E-3,9.114265442E-2
8.026680900E0,2.584934235E-3,-1.266419888E-3,7.318592072E-2
8.036667775E0,1.096463203E-2,9.507477283E-3,9.473419189E-2
8.046660790E0,8.570432663E-3,1.309877634E-2,1.246614456E-1
8.056656259E0,8.570432663E-3,-3.660619259E-3,1.138877869E-1
8.066656647E0,1.387834549E-3,-3.660619259E-3,7.917213440E-2
8.076654553E0,8.570432663E-3,1.309877634E-2,9.233951569E-2
8.086661390E0,1.907348633E-4,1.429587603E-2,1.007194519E-1
8.096661328E0,-5.794793367E-3,1.549297571E-2,9.353733063E-2
8.106659374E0,-4.597693682E-3,8.310377598E-3,1.138877869E-1
8.116687378E0,-1.006364822E-3,5.916178226E-3,1.019163132E-1
8.126666284E0,-3.400564194E-3,5.916178226E-3,8.635425568E-2
8.136671948E0,-6.991893053E-3,5.916178226E-3,1.019163132E-1
8.146671549E0,-6.991893053E-3,8.310377598E-3,1.055078506E-1
8.156697273E0,-3.400564194E-3,1.429587603E-2,9.593105316E-2
8.166716558E0,-2.203464508E-3,5.916178226E-3,8.156585693E-2
8.176784278E0,9.767532349E-3,3.521978855E-3,9.593105316E-2
8.186720695E0,1.695013046E-2,1.190167665E-2,9.233951569E-2
8.196689173E0,1.096463203E-2,9.507477283E-3,1.043109894E-1
8.206674220E0,8.570432663E-3,-1.266419888E-3,1.055078506E-1
8.216705185E0,7.373332977E-3,4.719078541E-3,8.994579315E-2
8.226689283E0,1.387834549E-3,7.113277912E-3,9.712791443E-2
8.236672198E0,1.387834549E-3,1.908427477E-2,9.593105316E-2
8.246690444E0,6.176233292E-3,1.549297571E-2,9.593105316E-2
8.256678817E0,1.907348633E-4,1.309877634E-2,8.994579315E-2
8.266667715E0,-9.386092424E-3,4.719078541E-3,9.712791443E-2
8.276657337E0,1.907348633E-4,7.113277912E-3,1.043109894E-1
8.286659686E0,1.907348633E-4,1.127779484E-3,1.138877869E-1
8.296692899E0,7.373332977E-3,1.190167665E-2,9.114265442E-2
8.306685102E0,2.584934235E-3,1.190167665E-2,9.353733063E-2
8.316675396E0,2.584934235E-3,3.521978855E-3,1.007194519E-1
8.326693966E0,3.782033920E-3,8.310377598E-3,1.079025269E-1
8.336705039E0,8.570432663E-3,3.521978855E-3,1.043109894E-1
8.346686249E0,8.570432663E-3,8.310377598E-3,1.079025269E-1
8.356677738E0,1.387834549E-3,1.070457697E-2,9.832572937E-2
8.366707214E0,8.570432663E-3,1.190167665E-2,9.353733063E-2
8.376717317E0,8.570432663E-3,9.507477283E-3,1.079025269E-1
8.386685888E0,6.176233292E-3,1.190167665E-2,1.090993881E-1
8.396668558E0,-5.794793367E-3,9.507477283E-3,1.043109894E-1
8.406668431E0,-3.400564194E-3,1.429587603E-2,8.036899567E-2
8.416665945E0,2.584934235E-3,1.669007540E-2,1.079025269E-1
8.426669144E0,1.387834549E-3,4.719078541E-3,1.186761856E-1
8.436662820E0,-1.006364822E-3,1.127779484E-3,1.055078506E-1
8.446657639E0,4.979133606E-3,5.916178226E-3,1.090993881E-1
8.456659741E0,1.335883141E-2,-6.932020187E-5,9.233951569E-2
8.466666042E0,6.176233292E-3,8.310377598E-3,8.396053314E-2
8.476660058E0,4.979133606E-3,1.309877634E-2,9.114265442E-2
8.486668700E0,7.373332977E-3,8.310377598E-3,1.150846481E-1
8.496665137E0,7.373332977E-3,-3.660619259E-3,9.353733063E-2
8.506656413E0,1.096463203E-2,-3.660619259E-3,8.755111694E-2
8.516666051E0,8.570432663E-3,1.309877634E-2,9.233951569E-2
8.526658928E0,1.907348633E-4,4.719078541E-3,1.126909256E-1
8.536689116E0,-1.006364822E-3,8.310377598E-3,1.114931107E-1
8.546672114E0,-3.400564194E-3,8.310377598E-3,1.043109894E-1
8.556661517E0,-2.203464508E-3,9.507477283E-3,8.874893188E-2
8.566668815E0,3.782033920E-3,1.309877634E-2,8.994579315E-2
8.576670483E0,7.373332977E-3,1.669007540E-2,1.043109894E-1
8.586663394E0,-1.006364822E-3,9.507477283E-3,1.079025269E-1
8.596660907E0,1.387834549E-3,8.310377598E-3,9.593105316E-2
8.606666740E0,1.387834549E-3,-7.251918316E-3,9.353733063E-2
8.616668349E0,-1.006364822E-3,4.719078541E-3,9.952259064E-2
8.626661327E0,1.096463203E-2,1.549297571E-2,1.031141281E-1
8.636660066E0,8.570432663E-3,1.190167665E-2,1.138877869E-1
8.646659762E0,7.373332977E-3,1.549297571E-2,9.114265442E-2
8.656659841E0,2.584934235E-3,4.719078541E-3,9.473419189E-2
8.666658323E0,4.979133606E-3,2.324879169E-3,9.593105316E-2
8.676669391E0,9.767532349E-3,1.788717508E-2,8.755111694E-2
8.686699328E0,3.782033920E-3,8.310377598E-3,1.031141281E-1
8.696678605E0,-6.991893053E-3,5.916178226E-3,1.055078506E-1
8.706664512E0,-5.794793367E-3,1.127779484E-3,1.031141281E-1
8.716662081E0,1.907348633E-4,5.916178226E-3,1.019163132E-1
8.726655539E0,1.907348633E-4,9.507477283E-3,1.102962494E-1
8.736668345E0,-1.006364822E-3,2.324879169E-3,1.067047119E-1
8.746671671E0,9.767532349E-3,4.719078541E-3,9.832572937E-2
8.756702584E0,3.782033920E-3,-6.932020187E-5,9.233951569E-2
8.766684829E0,7.373332977E-3,1.070457697E-2,9.114265442E-2
8.776669317E0,1.335883141E-2,1.070457697E-2,9.832572937E-2
8.786661964E0,4.979133606E-3,5.916178226E-3,1.138877869E-1
8.796656480E0,1.387834549E-3,2.324879169E-3,1.031141281E-1
8.806651834E0,-4.597693682E-3,1.190167665E-2,9.832572937E-2
8.816696838E0,-3.400564194E-3,8.310377598E-3,1.067047119E-1
8.826677494E0,1.907348633E-4,1.429587603E-2,9.952259064E-2
8.836666149E0,1.387834549E-3,1.309877634E-2,9.353733063E-2
8.846654015E0,-2.203464508E-3,1.429587603E-2,1.102962494E-1
8.856658506E0,9.767532349E-3,1.127779484E-3,8.515739441E-2
8.866666117E0,1.387834549E-3,1.070457697E-2,1.114931107E-1
8.876656903E0,7.373332977E-3,7.113277912E-3,1.031141281E-1
8.886657969E0,8.570432663E-3,3.521978855E-3,9.832572937E-2
8.896662579E0,1.216173172E-2,8.310377598E-3,9.473419189E-2
8.906660845E0,8.570432663E-3,9.507477283E-3,1.138877869E-1
8.916657325E0,-8.188992739E-3,-3.660619259E-3,9.593105316E-2
8.926651603E0,2.584934235E-3,1.190167665E-2,9.353733063E-2
8.936658973E0,1.387834549E-3,1.669007540E-2,1.114931107E-1
8.946664446E0,3.782033920E-3,5.916178226E-3,9.353733063E-2
8.956661837E0,-6.991893053E-3,7.113277912E-3,9.353733063E-2
8.966664955E0,-8.188992739E-3,1.127779484E-3,1.055078506E-1
8.976660649E0,-6.991893053E-3,3.521978855E-3,1.138877869E-1
8.986660534E0,4.979133606E-3,7.113277912E-3,8.874893188E-2
8.996652996E0,1.387834549E-3,4.719078541E-3,9.832572937E-2
9.006649612E0,9.767532349E-3,2.324879169E-3,1.031141281E-1
9.016661554E0,7.373332977E-3,1.070457697E-2,9.593105316E-2
9.026684679E0,1.096463203E-2,-6.932020187E-5,1.007194519E-1
9.036663799E0,1.216173172E-2,8.310377598E-3,1.138877869E-1
9.046658686E0,6.176233292E-3,1.190167665E-2,1.031141281E-1
9.056659534E0,2.584934235E-3,7.113277912E-3,1.019163132E-1
9.066656054E0,7.373332977E-3,-2.463519573E-3,1.031141281E-1
9.076661602E0,6.176233292E-3,1.127779484E-3,1.055078506E-1
9.086657338E0,3.782033920E-3,8.310377598E-3,1.079025269E-1
9.096679590E0,2.584934235E-3,8.310377598E-3,1.043109894E-1
9.106694543E0,-2.203464508E-3,1.309877634E-2,1.031141281E-1
9.116680943E0,-2.203464508E-3,8.310377598E-3,9.593105316E-2
9.126684374E0,-2.203464508E-3,8.310377598E-3,9.952259064E-2
9.136682108E0,4.979133606E-3,1.190167665E-2,1.067047119E-1
9.146684898E0,-1.006364822E-3,8.310377598E-3,1.114931107E-1
9.156674082E0,-4.597693682E-3,4.719078541E-3,1.007194519E-1
9.166663693E0,1.907348633E-4,-2.463519573E-3,1.007194519E-1
9.176658095E0,7.373332977E-3,7.113277912E-3,9.712791443E-2
9.186732507E0,-2.203464508E-3,4.719078541E-3,9.832572937E-2
9.196703155E0,1.907348633E-4,1.070457697E-2,1.007194519E-1
9.206681114E0,1.455593109E-2,-6.932020187E-5,9.712791443E-2
9.216670632E0,2.584934235E-3,3.521978855E-3,1.043109894E-1
9.226665737E0,-4.597693682E-3,1.190167665E-2,1.150846481E-1
9.236769463E0,-1.006364822E-3,9.507477283E-3,1.090993881E-1
9.246709057E0,8.570432663E-3,1.127779484E-3,1.031141281E-1
9.256684623E0,6.176233292E-3,4.719078541E-3,1.031141281E-1
9.266714540E0,1.096463203E-2,8.310377598E-3,1.126909256E-1
9.276967480E0,1.096463203E-2,1.070457697E-2,1.019163132E-1
9.286963103E0,-4.597693682E-3,8.310377598E-3,1.019163132E-1
9.296815992E0,1.096463203E-2,1.549297571E-2,9.593105316E-2
9.307242898E0,-3.400564194E-3,2.324879169E-3,8.635425568E-2
9.316937812E0,4.979133606E-3,1.549297571E-2,9.114265442E-2
9.326794019E0,1.387834549E-3,1.549297571E-2,1.186761856E-1
9.336721777E0,2.584934235E-3,4.719078541E-3,1.150846481E-1
9.346685310E0,3.782033920E-3,5.916178226E-3,1.186761856E-1
9.356665730E0,9.767532349E-3,1.190167665E-2,9.952259064E-2
9.366697536E0,9.767532349E-3,4.719078541E-3,1.007194519E-1
9.376672939E0,1.335883141E-2,2.147847414E-2,1.031141281E-1
9.386659352E0,-1.006364822E-3,1.190167665E-2,1.102962494E-1
9.396644886E0,-3.400564194E-3,4.719078541E-3,1.126909256E-1
9.406639287E0,9.767532349E-3,7.113277912E-3,9.114265442E-2
9.416641372E0,2.584934235E-3,5.916178226E-3,9.353733063E-2
9.426637280E0,2.584934235E-3,-1.266419888E-3,8.994579315E-2
9.436644253E0,6.176233292E-3,1.309877634E-2,1.126909256E-1
9.446638951E0,-4.597693682E-3,-6.932020187E-5,1.234645844E-1
